"DayId","DayDate","DayClose","CashAtBanks","CashInHand","DayPurchases","DaySales","DayPayments","DayReceivings","DayExpenses","DPurchRet","DSaleRet","DSaleDisc","DPurchDis","CstGdSold","StockAmt","UserId","SysDate","DayIncome","SalaryCr","ScrapCost","CstSaleRetStk","CstSaleRet","StkTrIn","StkTrOut","CshSale","CapitalAdd","Drawing","BankRecv","BankPaymnt","CshToBank","BankToCsh","RepProfit","DayGProfit","DayNProfit","RepJobDisc","Carry"
"1","Tue Sep 25 2018 05:00:00 GMT+0500 (Pakistan Standard Time)","true","0","0","0","0","0","0","0","0","0","0","0","0","0","1","Sat Sep 25 2021 19:32:00 GMT+0500 (Pakistan Standard Time)","0","0","0","0","0","0","0","0","0","0","0","0","0","0","0","0","0","0","0"
"2","Sat Sep 20 2025 05:00:00 GMT+0500 (Pakistan Standard Time)","true","0","0","0","0","0","0","0","0","0","0","0","0","0","1","Sat Sep 20 2025 05:13:00 GMT+0500 (Pakistan Standard Time)","0","0","0","0","0","0","0","0","0","0","0","0","0","0","0","0","0","0","0"
"3","Sun Sep 21 2025 05:00:00 GMT+0500 (Pakistan Standard Time)","true","0","0","0","0","0","0","0","0","0","0","0","0","0","1","Mon Sep 22 2025 03:38:00 GMT+0500 (Pakistan Standard Time)","0","0","0","0","0","0","0","0","0","0","0","0","0","0","0","0","0","0","0"
"4","Mon Sep 22 2025 05:00:00 GMT+0500 (Pakistan Standard Time)","true","0","0","0","0","0","0","0","0","0","0","0","0","0","1","Mon Sep 22 2025 15:49:00 GMT+0500 (Pakistan Standard Time)","0","0","0","0","0","0","0","0","0","0","0","0","0","0","0","0","0","0","0"
"5","Tue Sep 23 2025 05:00:00 GMT+0500 (Pakistan Standard Time)","true","0","0","0","0","0","0","0","0","0","0","0","0","0","1","Tue Sep 23 2025 20:31:00 GMT+0500 (Pakistan Standard Time)","0","0","0","0","0","0","0","0","0","0","0","0","0","0","0","0","0","0","0"
"6","Wed Sep 24 2025 05:00:00 GMT+0500 (Pakistan Standard Time)","true","0","0","0","0","0","0","0","0","0","0","0","0","0","1","Thu Sep 25 2025 17:40:00 GMT+0500 (Pakistan Standard Time)","0","0","0","0","0","0","0","0","0","0","0","0","0","0","0","0","0","0","0"
"7","Thu Sep 25 2025 05:00:00 GMT+0500 (Pakistan Standard Time)","true","0","0","0","0","0","0","0","0","0","0","0","0","0","1","Fri Sep 26 2025 20:09:00 GMT+0500 (Pakistan Standard Time)","0","0","0","0","0","0","0","0","0","0","0","0","0","0","0","0","0","0","0"
"8","Fri Sep 26 2025 05:00:00 GMT+0500 (Pakistan Standard Time)","true","0","0","0","0","0","0","0","0","0","0","0","0","0","1","Fri Sep 26 2025 20:10:00 GMT+0500 (Pakistan Standard Time)","0","0","0","0","0","0","0","0","0","0","0","0","0","0","0","0","0","0","0"
"9","Sat Sep 27 2025 05:00:00 GMT+0500 (Pakistan Standard Time)","true","0","0","0","0","0","0","0","0","0","0","0","0","0","1","Sat Sep 27 2025 15:31:00 GMT+0500 (Pakistan Standard Time)","0","0","0","0","0","0","0","0","0","0","0","0","0","0","0","0","0","0","0"
"10","Sun Sep 28 2025 05:00:00 GMT+0500 (Pakistan Standard Time)","true","0","0","0","0","0","0","0","0","0","0","0","0","0","1","Sun Sep 28 2025 17:29:00 GMT+0500 (Pakistan Standard Time)","0","0","0","0","0","0","0","0","0","0","0","0","0","0","0","0","0","0","0"
"11","Mon Sep 29 2025 05:00:00 GMT+0500 (Pakistan Standard Time)","true","0","0","0","0","0","0","0","0","0","0","0","0","0","1","Mon Sep 29 2025 15:31:00 GMT+0500 (Pakistan Standard Time)","0","0","0","0","0","0","0","0","0","0","0","0","0","0","0","0","0","0","0"
"12","Tue Sep 30 2025 05:00:00 GMT+0500 (Pakistan Standard Time)","true","0","0","0","0","0","0","0","0","0","0","0","0","0","1","Tue Sep 30 2025 16:03:00 GMT+0500 (Pakistan Standard Time)","0","0","0","0","0","0","0","0","0","0","0","0","0","0","0","0","0","0","0"
"13","Wed Oct 01 2025 05:00:00 GMT+0500 (Pakistan Standard Time)","true","0","0","6304560","14000","0","0","0","0","0","0","0","13000","6291560","1","Wed Oct 01 2025 15:49:00 GMT+0500 (Pakistan Standard Time)","0","0","0","0","0","0","0","0","0","0","0","0","0","0","0","1000","1000","0","0"
"14","Thu Oct 02 2025 05:00:00 GMT+0500 (Pakistan Standard Time)","true","0","0","0","0","0","0","0","0","0","0","0","0","6291560","1","Fri Oct 03 2025 17:44:00 GMT+0500 (Pakistan Standard Time)","0","0","0","0","0","0","0","0","0","0","0","0","0","0","0","0","0","0","0"
"15","Fri Oct 03 2025 05:00:00 GMT+0500 (Pakistan Standard Time)","true","0","0","8858311","0","0","0","0","0","0","0","0","0","15149871","1","Fri Oct 03 2025 17:45:00 GMT+0500 (Pakistan Standard Time)","0","0","0","0","0","0","0","0","0","0","0","0","0","0","0","0","0","0","0"
"16","Sat Oct 04 2025 05:00:00 GMT+0500 (Pakistan Standard Time)","true","0","7500","5756281","29060","0","7500","0","0","0","0","0","25320","20874332","1","Sat Oct 04 2025 18:45:00 GMT+0500 (Pakistan Standard Time)","0","0","0","0","0","0","0","0","0","0","0","0","0","0","1000","3740","4740","0","0"
"17","Sun Oct 05 2025 05:00:00 GMT+0500 (Pakistan Standard Time)","true","0","1884320","61060","55380","0","1876820","0","0","3500","0","0","46280","20884512","1","Sun Oct 05 2025 15:26:00 GMT+0500 (Pakistan Standard Time)","0","0","2800","0","2800","0","0","35480","500000","0","0","0","0","0","38500","5600","41300","0","0"
"18","Mon Oct 06 2025 05:00:00 GMT+0500 (Pakistan Standard Time)","true","0","1915920","5670","20380","0","31600","0","0","0","0","0","18060","20872122","1","Mon Oct 06 2025 16:17:00 GMT+0500 (Pakistan Standard Time)","0","0","0","0","0","0","0","15000","0","0","0","0","0","0","2600","2320","4920","0","0"
"19","Tue Oct 07 2025 05:00:00 GMT+0500 (Pakistan Standard Time)","true","0","1926090","750","0","0","10170","0","0","0","0","0","0","20872872","1","Tue Oct 07 2025 17:32:00 GMT+0500 (Pakistan Standard Time)","0","0","0","0","0","0","0","0","0","0","0","0","0","0","15450","0","15450","0","0"
"20","Wed Oct 08 2025 05:00:00 GMT+0500 (Pakistan Standard Time)","true","0","1926090","0","0","0","0","0","0","0","0","0","0","20872872","1","Wed Oct 08 2025 16:19:00 GMT+0500 (Pakistan Standard Time)","0","0","0","0","0","0","0","0","0","0","0","0","0","0","0","0","0","0","0"
"21","Thu Oct 09 2025 05:00:00 GMT+0500 (Pakistan Standard Time)","true","0","1926090","0","850","0","0","0","0","0","0","0","750","20872122","1","Thu Oct 09 2025 16:35:00 GMT+0500 (Pakistan Standard Time)","0","0","0","0","0","0","0","0","0","0","0","0","0","0","0","100","100","0","0"
"22","Fri Oct 10 2025 05:00:00 GMT+0500 (Pakistan Standard Time)","true","0","1926090","0","0","0","0","0","0","0","0","0","0","20872122","1","Fri Oct 10 2025 19:36:00 GMT+0500 (Pakistan Standard Time)","0","0","0","0","0","0","0","0","0","0","0","0","0","0","0","0","0","0","0"
"23","Sat Oct 11 2025 05:00:00 GMT+0500 (Pakistan Standard Time)","true","0","716939","822390","1300","1210451","1300","0","0","0","0","0","700","21693812","1","Sat Oct 11 2025 16:36:00 GMT+0500 (Pakistan Standard Time)","0","0","0","0","0","0","0","1300","0","0","0","0","0","0","0","600","600","0","0"
"24","Sun Oct 12 2025 05:00:00 GMT+0500 (Pakistan Standard Time)","true","0","3249709","4138040","106320","8435466","10968236","0","0","0","0","0","94220","25737632","1","Mon Oct 13 2025 01:39:00 GMT+0500 (Pakistan Standard Time)","0","0","0","0","0","0","0","48900","10000000","0","0","0","0","0","0","12100","12100","0","0"
"25","Mon Oct 13 2025 05:00:00 GMT+0500 (Pakistan Standard Time)","true","0","11970859","91900","18610","4258859","12980009","0","0","5300","0","0","12975","25816557","1","Mon Oct 13 2025 22:34:00 GMT+0500 (Pakistan Standard Time)","0","0","0","4980","4980","0","0","5300","10000000","0","0","0","0","0","0","335","335","0","0"
"26","Tue Oct 14 2025 05:00:00 GMT+0500 (Pakistan Standard Time)","true","0","1012867","452060","85960","12675383","1717391","0","32835","0","0","0","76565","26159217","1","Tue Oct 14 2025 15:21:00 GMT+0500 (Pakistan Standard Time)","0","0","0","0","0","0","0","23850","0","0","0","0","0","0","0","9395","9395","0","0"
"27","Wed Oct 15 2025 05:00:00 GMT+0500 (Pakistan Standard Time)","true","0","18533417","964345","133067","3185935","20706485","0","11000","0","0","0","127670","26983067","1","Wed Oct 15 2025 16:12:00 GMT+0500 (Pakistan Standard Time)","0","0","0","0","0","0","0","89600","20500000","0","0","0","0","0","38900","5397","44297","0","0"
"28","Thu Oct 16 2025 05:00:00 GMT+0500 (Pakistan Standard Time)","true","0","18176217","328120","70020","483350","126150","0","6950","0","0","0","65255","27238982","1","Thu Oct 16 2025 20:35:00 GMT+0500 (Pakistan Standard Time)","0","0","0","0","0","0","0","64400","0","0","0","0","0","0","0","4765","4765","0","0"
"29","Fri Oct 17 2025 05:00:00 GMT+0500 (Pakistan Standard Time)","true","0","18015829","350892","128670","287636","127248","0","0","0","0","0","118490","27471384","1","Fri Oct 17 2025 19:46:00 GMT+0500 (Pakistan Standard Time)","0","0","0","0","0","0","0","66200","0","0","0","0","0","0","0","10180","10180","0","0"
"30","Sat Oct 18 2025 05:00:00 GMT+0500 (Pakistan Standard Time)","true","0","17228312","359035","88650","840617","53100","0","0","0","0","0","81900","27748519","1","Sat Oct 18 2025 17:12:00 GMT+0500 (Pakistan Standard Time)","0","0","0","0","0","0","0","53100","0","0","0","0","0","0","0","6750","6750","0","0"
"31","Sun Oct 19 2025 05:00:00 GMT+0500 (Pakistan Standard Time)","true","0","17109836","377690","75620","275126","156650","0","4650","1900","0","0","71135","28048574","1","Mon Oct 20 2025 01:53:00 GMT+0500 (Pakistan Standard Time)","0","0","0","0","1850","0","0","109400","0","0","0","0","0","0","0","2585","2585","0","0"
"32","Mon Oct 20 2025 05:00:00 GMT+0500 (Pakistan Standard Time)","true","0","17103216","208480","160660","128040","121420","0","7150","1160","0","0","146885","28104869","1","Mon Oct 20 2025 15:39:00 GMT+0500 (Pakistan Standard Time)","0","0","0","2820","970","0","0","64760","0","0","0","0","0","0","0","12615","12615","0","0"
"33","Tue Oct 21 2025 05:00:00 GMT+0500 (Pakistan Standard Time)","true","0","16652506","681642","113740","532510","81800","0","4590","700","0","0","105625","28676296","1","Tue Oct 21 2025 15:29:00 GMT+0500 (Pakistan Standard Time)","0","0","0","660","660","0","0","49800","0","0","0","0","0","0","0","7415","7415","0","0"
"34","Wed Oct 22 2025 05:00:00 GMT+0500 (Pakistan Standard Time)","true","0","15602496","910645","174300","1192850","142840","0","9000","13990","0","0","150640","29427301","1","Wed Oct 22 2025 17:22:00 GMT+0500 (Pakistan Standard Time)","0","0","0","13790","13790","0","0","72550","0","0","0","0","0","0","0","9670","9670","0","0"
"35","Thu Oct 23 2025 05:00:00 GMT+0500 (Pakistan Standard Time)","true","0","15444796","589935","217940","386560","228860","0","22650","1500","0","0","202661","29791925","1","Thu Oct 23 2025 16:05:00 GMT+0500 (Pakistan Standard Time)","0","0","0","1300","1300","0","0","97420","0","0","0","0","0","0","0","13779","13779","0","0"
"36","Fri Oct 24 2025 05:00:00 GMT+0500 (Pakistan Standard Time)","true","0","15015846","484350","109090","520610","91660","0","1980","12400","0","0","87815","30183780","1","Fri Oct 24 2025 17:21:00 GMT+0500 (Pakistan Standard Time)","0","0","0","9275","11975","0","0","31910","0","0","0","0","0","0","0","8875","8875","0","0"
"37","Sat Oct 25 2025 05:00:00 GMT+0500 (Pakistan Standard Time)","true","0","14137951","537700","230700","983115","105220","0","12000","7050","0","0","202090","30506990","1","Sat Oct 25 2025 15:26:00 GMT+0500 (Pakistan Standard Time)","0","0","0","6140","6540","0","0","67180","0","0","0","0","0","0","0","21560","21560","0","0"
"38","Sun Oct 26 2025 05:00:00 GMT+0500 (Pakistan Standard Time)","true","0","13592655","779400","80360","609770","64474","0","13750","6250","0","0","68858","31197912","1","Sun Oct 26 2025 23:41:00 GMT+0500 (Pakistan Standard Time)","0","0","0","0","5870","0","0","17900","0","0","0","0","0","0","0","5252","5252","0","0"
"39","Mon Oct 27 2025 05:00:00 GMT+0500 (Pakistan Standard Time)","true","0","13792465","114325","238610","36200","236010","0","0","19550","0","0","199894","31119213","1","Mon Oct 27 2025 16:07:00 GMT+0500 (Pakistan Standard Time)","0","0","0","25105","18235","0","0","115530","0","0","0","0","0","0","0","19166","19166","0","0"
"40","Tue Oct 28 2025 05:00:00 GMT+0500 (Pakistan Standard Time)","true","0","13516570","370200","190435","371345","95450","0","0","2600","0","0","167795","31319368","1","Tue Oct 28 2025 16:58:00 GMT+0500 (Pakistan Standard Time)","0","0","0","0","2250","0","0","37900","0","0","0","0","0","0","0","20040","20040","0","0"
"41","Wed Oct 29 2025 05:00:00 GMT+0500 (Pakistan Standard Time)","true","0","12870500","559385","192440","710680","64610","0","36905","1520","0","0","176500","31669698","1","Wed Oct 29 2025 17:06:00 GMT+0500 (Pakistan Standard Time)","0","0","0","5550","1200","0","0","46410","0","0","0","0","0","0","0","14420","14420","0","0"
"42","Thu Oct 30 2025 05:00:00 GMT+0500 (Pakistan Standard Time)","true","0","12727502","524620","123025","385553","242555","0","6000","2350","0","0","111270","32077048","1","Thu Oct 30 2025 18:58:00 GMT+0500 (Pakistan Standard Time)","0","0","0","2300","2300","0","0","54605","0","0","0","0","0","0","0","9405","9405","0","0"
"43","Fri Oct 31 2025 05:00:00 GMT+0500 (Pakistan Standard Time)","true","0","12552212","954799","189900","388370","213080","0","6800","5800","0","0","170472","32849625","1","Fri Oct 31 2025 15:34:00 GMT+0500 (Pakistan Standard Time)","0","0","0","0","4950","0","0","59630","0","0","0","0","0","0","0","13628","13628","0","0"
"44","Sat Nov 01 2025 05:00:00 GMT+0500 (Pakistan Standard Time)","true","0","12596522","162280","186910","6840","51150","0","0","16650","0","0","162700","32833755","1","Sat Nov 01 2025 17:39:00 GMT+0500 (Pakistan Standard Time)","0","0","0","0","15450","0","0","26650","0","0","0","0","0","0","0","7560","7560","0","0"
"45","Sun Nov 02 2025 05:00:00 GMT+0500 (Pakistan Standard Time)","true","0","11801622","527210","128610","865630","70730","0","28250","21850","0","0","99425","33250005","1","Sun Nov 02 2025 15:20:00 GMT+0500 (Pakistan Standard Time)","0","0","1885","37670","20955","0","0","53030","0","0","0","0","0","0","0","7335","5450","0","0"
"46","Mon Nov 03 2025 05:00:00 GMT+0500 (Pakistan Standard Time)","true","0","11643372","51620","158290","369900","211650","0","0","10250","0","0","142350","33157075","1","Mon Nov 03 2025 16:48:00 GMT+0500 (Pakistan Standard Time)","0","0","0","6925","9125","0","0","52050","0","0","0","0","0","0","0","5690","5690","0","0"
"47","Tue Nov 04 2025 05:00:00 GMT+0500 (Pakistan Standard Time)","true","0","11107682","664420","124160","689620","153930","0","10440","11380","0","0","108555","33693297","1","Tue Nov 04 2025 16:13:00 GMT+0500 (Pakistan Standard Time)","0","0","0","0","9203","0","0","34680","0","0","0","0","0","0","0","4225","4225","0","0"
"48","Wed Nov 05 2025 05:00:00 GMT+0500 (Pakistan Standard Time)","true","0","10511881","1173135","145965","788321","192520","0","28010","0","0","0","139705","34698717","1","Wed Nov 05 2025 20:08:00 GMT+0500 (Pakistan Standard Time)","0","0","0","0","0","0","0","168000","0","0","0","0","0","0","0","6260","6260","0","0"
"49","Thu Nov 06 2025 05:00:00 GMT+0500 (Pakistan Standard Time)","true","0","10553081","80310","38770","0","41200","0","0","19000","0","0","17575","34774655","1","Fri Nov 07 2025 16:12:00 GMT+0500 (Pakistan Standard Time)","0","0","0","32223","19020","0","0","21200","0","0","0","0","0","0","0","2195","2195","0","0"
"50","Fri Nov 07 2025 05:00:00 GMT+0500 (Pakistan Standard Time)","true","0","9887031","1331695","107100","849250","183200","0","36400","6920","0","0","93610","35969560","1","Sat Nov 08 2025 15:45:00 GMT+0500 (Pakistan Standard Time)","0","0","0","0","6780","0","0","42800","0","0","0","0","0","0","0","6570","6570","0","0"
"51","Sat Nov 08 2025 05:00:00 GMT+0500 (Pakistan Standard Time)","true","0","9712201","257840","145400","247030","72200","0","7000","1650","0","0","140535","36078265","1","Mon Nov 10 2025 23:41:00 GMT+0500 (Pakistan Standard Time)","0","0","0","0","1600","0","0","72200","0","0","0","0","0","0","0","3215","3215","0","0"
"52","Sun Nov 09 2025 05:00:00 GMT+0500 (Pakistan Standard Time)","true","0","9060686","370645","51070","742855","91340","0","0","0","0","0","48760","36400150","1","Tue Nov 11 2025 16:19:00 GMT+0500 (Pakistan Standard Time)","0","0","0","0","0","0","0","37300","0","0","0","0","0","0","0","2310","2310","0","0"
"53","Mon Nov 10 2025 05:00:00 GMT+0500 (Pakistan Standard Time)","true","0","8345176","405050","137440","798710","83200","0","9200","0","0","0","112795","36690085","1","Wed Nov 12 2025 15:51:00 GMT+0500 (Pakistan Standard Time)","0","0","1500","6880","0","0","0","43200","0","0","0","0","0","0","0","24645","23145","0","0"
"54","Tue Nov 11 2025 05:00:00 GMT+0500 (Pakistan Standard Time)","true","0","8345176","0","0","0","0","0","0","0","0","0","0","36690085","1","Thu Nov 13 2025 16:57:00 GMT+0500 (Pakistan Standard Time)","0","0","0","0","0","0","0","0","0","0","0","0","0","0","0","0","0","0","0"
"55","Wed Nov 12 2025 05:00:00 GMT+0500 (Pakistan Standard Time)","true","0","8345176","0","0","0","0","0","0","0","0","0","0","36690085","1","Thu Nov 13 2025 16:58:00 GMT+0500 (Pakistan Standard Time)","0","0","0","0","0","0","0","0","0","0","0","0","0","0","0","0","0","0","0"
"56","Thu Nov 13 2025 05:00:00 GMT+0500 (Pakistan Standard Time)","true","0","8252256","250770","44610","250000","157080","0","0","0","0","0","41970","36898885","1","Thu Nov 13 2025 16:59:00 GMT+0500 (Pakistan Standard Time)","0","0","0","0","0","0","0","4680","0","0","0","0","0","0","0","2640","2640","0","0"
"57","Fri Nov 14 2025 05:00:00 GMT+0500 (Pakistan Standard Time)","true","0","7870491","601935","27990","401765","20000","0","42800","0","0","0","27400","37430620","1","Fri Nov 14 2025 15:42:00 GMT+0500 (Pakistan Standard Time)","0","0","0","0","0","0","0","0","0","0","0","0","0","0","0","590","590","0","0"
"58","Sat Nov 15 2025 05:00:00 GMT+0500 (Pakistan Standard Time)","true","0","7657551","328785","122725","329000","116060","0","6350","3320","0","0","114728","37635407","1","Sat Nov 15 2025 17:04:00 GMT+0500 (Pakistan Standard Time)","0","0","0","0","2920","0","0","0","0","0","0","0","0","0","0","4677","4677","0","0"
"59","Sun Nov 16 2025 05:00:00 GMT+0500 (Pakistan Standard Time)","true","0","7441502","473829","40710","337470","121421","0","4200","4400","0","0","35535","38065381","1","Mon Nov 17 2025 15:33:00 GMT+0500 (Pakistan Standard Time)","0","0","0","0","4120","0","0","32000","0","0","0","0","0","0","0","775","775","0","0"
"60","Mon Nov 17 2025 05:00:00 GMT+0500 (Pakistan Standard Time)","true","0","7272702","49700","0","170000","1200","0","34460","0","0","0","0","38080621","1","Tue Nov 18 2025 15:25:00 GMT+0500 (Pakistan Standard Time)","0","0","0","0","0","0","0","0","0","0","0","0","0","0","0","0","0","0","0"
"61","Tue Nov 18 2025 05:00:00 GMT+0500 (Pakistan Standard Time)","true","0","7109197","409555","137650","394770","231265","0","0","3900","0","0","129395","38357281","1","Tue Nov 18 2025 16:48:00 GMT+0500 (Pakistan Standard Time)","0","0","0","0","3500","0","0","12000","0","0","0","0","0","0","0","4355","4355","0","0"
"62","Wed Nov 19 2025 05:00:00 GMT+0500 (Pakistan Standard Time)","true","0","6925817","205510","35090","213380","30000","0","0","1450","0","0","32895","38528496","1","Wed Nov 19 2025 16:18:00 GMT+0500 (Pakistan Standard Time)","0","0","0","0","1400","0","0","0","0","0","0","0","0","0","0","745","745","0","0"
"63","Thu Nov 20 2025 05:00:00 GMT+0500 (Pakistan Standard Time)","true","0","6760017","171850","258490","184400","18600","0","0","0","0","0","252780","38447566","1","Thu Nov 20 2025 19:11:00 GMT+0500 (Pakistan Standard Time)","0","0","0","0","0","0","0","0","0","0","0","0","0","0","0","5710","5710","0","0"
"64","Fri Nov 21 2025 05:00:00 GMT+0500 (Pakistan Standard Time)","true","0","231225","574725","0","8717727","2188935","0","1660","0","0","0","0","39032571","1","Fri Nov 21 2025 18:47:00 GMT+0500 (Pakistan Standard Time)","0","0","0","11940","0","0","0","0","1965000","7951777","0","0","0","0","0","0","0","0","0"
"65","Sat Nov 22 2025 05:00:00 GMT+0500 (Pakistan Standard Time)","true","0","91125","521195","93310","372200","232100","0","0","1950","0","0","88730","39465036","1","Sat Nov 22 2025 16:30:00 GMT+0500 (Pakistan Standard Time)","0","0","0","1900","1900","0","0","0","200000","0","0","0","0","0","0","2630","2630","0","0"
"66","Sun Nov 23 2025 05:00:00 GMT+0500 (Pakistan Standard Time)","true","0","91125","0","0","0","0","0","0","0","0","0","0","39465036","1","Mon Nov 24 2025 16:04:00 GMT+0500 (Pakistan Standard Time)","0","0","0","0","0","0","0","0","0","0","0","0","0","0","0","0","0","0","0"
"67","Mon Nov 24 2025 05:00:00 GMT+0500 (Pakistan Standard Time)","true","0","169845","645180","162800","606280","685000","0","30000","8050","0","0","149445","39923081","1","Mon Nov 24 2025 16:38:00 GMT+0500 (Pakistan Standard Time)","0","0","0","0","7690","0","0","0","500000","0","0","0","0","0","0","5305","5305","0","0"
"68","Tue Nov 25 2025 05:00:00 GMT+0500 (Pakistan Standard Time)","true","0","31845","386085","90550","146000","8000","0","6650","0","0","0","93745","40216461","1","Tue Nov 25 2025 17:04:00 GMT+0500 (Pakistan Standard Time)","0","0","0","7690","0","0","0","0","0","0","0","0","0","0","0","-3195","-3195","0","0"
"69","Wed Nov 26 2025 05:00:00 GMT+0500 (Pakistan Standard Time)","true","0","155295","385150","49440","498150","621600","0","0","0","0","0","48195","40553416","1","Wed Nov 26 2025 17:18:00 GMT+0500 (Pakistan Standard Time)","0","0","0","0","0","0","0","12000","600000","0","0","0","0","0","0","1245","1245","0","0"
"70","Thu Nov 27 2025 05:00:00 GMT+0500 (Pakistan Standard Time)","true","0","112745","422380","75810","505150","462600","0","20200","0","0","0","74745","40880851","1","Thu Nov 27 2025 15:30:00 GMT+0500 (Pakistan Standard Time)","0","0","0","0","0","0","0","42600","400000","0","0","0","0","0","0","1065","1065","0","0"
"71","Fri Nov 28 2025 05:00:00 GMT+0500 (Pakistan Standard Time)","true","0","127164","877365","140110","545581","560000","0","60450","0","0","0","135585","41562181","1","Fri Nov 28 2025 23:58:00 GMT+0500 (Pakistan Standard Time)","0","0","0","0","0","0","0","25000","400000","0","0","0","0","0","0","4525","4525","0","0"
"72","Sat Nov 29 2025 05:00:00 GMT+0500 (Pakistan Standard Time)","true","0","154244","0","1560","0","27080","0","0","1750","0","0","-150","41560651","1","Sun Nov 30 2025 02:32:00 GMT+0500 (Pakistan Standard Time)","0","0","0","0","1680","0","0","0","0","0","0","0","0","0","0","-40","-40","0","0"
"73","Sun Nov 30 2025 05:00:00 GMT+0500 (Pakistan Standard Time)","true","0","154244","0","0","0","0","0","0","0","0","0","0","41560651","1","Tue Dec 02 2025 15:19:00 GMT+0500 (Pakistan Standard Time)","0","0","0","0","0","0","0","0","0","0","0","0","0","0","0","0","0","0","0"
"74","Mon Dec 01 2025 05:00:00 GMT+0500 (Pakistan Standard Time)","true","0","154244","0","0","0","0","0","0","0","0","0","0","41560651","1","Tue Dec 02 2025 15:20:00 GMT+0500 (Pakistan Standard Time)","0","0","0","0","0","0","0","0","0","0","0","0","0","0","0","0","0","0","0"
"75","Tue Dec 02 2025 05:00:00 GMT+0500 (Pakistan Standard Time)","true","0","186372","567820","219894","548872","581000","0","0","2200","0","0","209490","41920661","1","Tue Dec 02 2025 15:22:00 GMT+0500 (Pakistan Standard Time)","0","0","0","3830","2150","0","0","41000","500000","0","0","0","0","0","0","8204","8204","0","0"
"76","Wed Dec 03 2025 05:00:00 GMT+0500 (Pakistan Standard Time)","true","0","343082","695610","71450","860790","1017500","0","35500","0","0","0","69105","42511666","1","Wed Dec 03 2025 20:13:00 GMT+0500 (Pakistan Standard Time)","0","0","0","0","0","0","0","9500","1000000","0","0","0","0","0","0","2345","2345","0","0"
"77","Thu Dec 04 2025 05:00:00 GMT+0500 (Pakistan Standard Time)","true","0","110262","557905","67730","447540","214720","0","20800","0","0","0","65530","42983241","1","Thu Dec 04 2025 19:28:00 GMT+0500 (Pakistan Standard Time)","0","0","0","0","0","0","0","8720","200000","0","0","0","0","0","0","2200","2200","0","0"
"78","Fri Dec 05 2025 05:00:00 GMT+0500 (Pakistan Standard Time)","true","0","590072","207581","94990","164180","643990","0","11600","4500","0","0","89305","43085562","1","Sat Dec 06 2025 02:14:00 GMT+0500 (Pakistan Standard Time)","0","0","0","0","4355","0","0","23990","400000","0","0","0","0","0","0","1185","1185","0","0"
"79","Sat Dec 06 2025 05:00:00 GMT+0500 (Pakistan Standard Time)","true","0","429506","766255","147030","848566","688000","0","4815","7900","0","0","137665","43702057","1","Sun Dec 07 2025 19:24:00 GMT+0500 (Pakistan Standard Time)","0","0","0","0","7280","0","0","0","500000","0","0","0","0","0","0","1465","1465","0","0"
"80","Sun Dec 07 2025 05:00:00 GMT+0500 (Pakistan Standard Time)","true","0","429506","0","0","0","0","0","0","0","0","0","0","43702057","1","Tue Dec 09 2025 18:21:00 GMT+0500 (Pakistan Standard Time)","0","0","0","0","0","0","0","0","0","0","0","0","0","0","0","0","0","0","0"
"81","Mon Dec 08 2025 05:00:00 GMT+0500 (Pakistan Standard Time)","true","0","429506","0","0","0","0","0","0","0","0","0","0","43702057","1","Tue Dec 09 2025 18:22:00 GMT+0500 (Pakistan Standard Time)","0","0","0","0","0","0","0","0","0","0","0","0","0","0","0","0","0","0","0"
"82","Tue Dec 09 2025 05:00:00 GMT+0500 (Pakistan Standard Time)","true","0","124616","907100","125640","816890","512000","0","0","1360","0","0","120600","44487292","1","Tue Dec 09 2025 18:24:00 GMT+0500 (Pakistan Standard Time)","0","0","0","0","1265","0","0","12000","300000","0","0","0","0","0","0","3680","3680","0","0"
"83","Wed Dec 10 2025 05:00:00 GMT+0500 (Pakistan Standard Time)","true","0","394126","389040","136170","259490","529000","0","36550","0","0","0","131995","44707787","1","Wed Dec 10 2025 20:06:00 GMT+0500 (Pakistan Standard Time)","0","0","0","0","0","0","0","9000","400000","0","0","0","0","0","0","4175","4175","0","0"
"84","Thu Dec 11 2025 05:00:00 GMT+0500 (Pakistan Standard Time)","true","0","242296","368300","135600","200830","49000","0","19950","0","0","0","130740","44925397","1","Thu Dec 11 2025 20:21:00 GMT+0500 (Pakistan Standard Time)","0","0","0","0","0","0","0","10000","0","0","0","0","0","0","0","4860","4860","0","0"
"85","Fri Dec 12 2025 05:00:00 GMT+0500 (Pakistan Standard Time)","true","0","296366","331720","45760","349220","403290","0","20665","9350","0","0","35900","45191452","1","Fri Dec 12 2025 19:42:00 GMT+0500 (Pakistan Standard Time)","0","0","0","0","9100","0","0","10000","300000","0","0","0","0","0","0","510","510","0","0"
"86","Sat Dec 13 2025 05:00:00 GMT+0500 (Pakistan Standard Time)","true","0","247686","331875","191030","459680","411000","0","7750","9140","0","0","174645","45353792","1","Sat Dec 13 2025 16:20:00 GMT+0500 (Pakistan Standard Time)","0","0","0","22000","9140","0","0","26000","300000","0","0","0","0","0","0","7245","7245","0","0"
"87","Sun Dec 14 2025 05:00:00 GMT+0500 (Pakistan Standard Time)","true","0","247686","0","0","0","0","0","0","0","0","0","0","45353792","1","Mon Dec 15 2025 15:38:00 GMT+0500 (Pakistan Standard Time)","0","0","0","0","0","0","0","0","0","0","0","0","0","0","0","0","0","0","0"
"88","Mon Dec 15 2025 05:00:00 GMT+0500 (Pakistan Standard Time)","true","0","370126","1011945","211525","1445510","1567950","0","173650","30640","0","0","173760","45988942","1","Mon Dec 15 2025 15:39:00 GMT+0500 (Pakistan Standard Time)","0","0","0","0","29385","0","0","10000","1000000","0","0","0","0","0","0","7125","7125","0","0"
"89","Tue Dec 16 2025 05:00:00 GMT+0500 (Pakistan Standard Time)","true","0","370126","0","0","0","0","0","0","0","0","0","0","45988942","1","Wed Dec 17 2025 20:26:00 GMT+0500 (Pakistan Standard Time)","0","0","0","0","0","0","0","0","0","0","0","0","0","0","0","0","0","0","0"
"90","Wed Dec 17 2025 05:00:00 GMT+0500 (Pakistan Standard Time)","true","0","316661","1145328","62760","876050","822585","0","30445","0","0","0","60597","47043228","1","Wed Dec 17 2025 21:46:00 GMT+0500 (Pakistan Standard Time)","0","0","0","0","0","0","0","0","800000","0","0","0","0","0","0","2163","2163","0","0"
"91","Thu Dec 18 2025 05:00:00 GMT+0500 (Pakistan Standard Time)","true","0","236951","222685","135940","210140","130430","0","18185","0","0","0","132565","47115163","1","Fri Dec 19 2025 01:34:00 GMT+0500 (Pakistan Standard Time)","0","0","0","0","0","0","0","20000","0","0","0","0","0","0","0","3375","3375","0","0"
"92","Fri Dec 19 2025 05:00:00 GMT+0500 (Pakistan Standard Time)","true","0","587861","998105","421000","470800","821710","0","12170","10040","0","0","397135","47694053","1","Fri Dec 19 2025 19:29:00 GMT+0500 (Pakistan Standard Time)","0","0","0","0","9910","0","0","24450","500000","0","0","0","0","0","0","13825","13825","0","0"
"93","Sat Dec 20 2025 05:00:00 GMT+0500 (Pakistan Standard Time)","true","0","587861","0","0","0","0","0","0","0","0","0","0","47694053","1","Tue Dec 23 2025 15:39:00 GMT+0500 (Pakistan Standard Time)","0","0","0","0","0","0","0","0","0","0","0","0","0","0","0","0","0","0","0"
"94","Sun Dec 21 2025 05:00:00 GMT+0500 (Pakistan Standard Time)","true","0","587861","0","0","0","0","0","0","0","0","0","0","47694053","1","Tue Dec 23 2025 15:40:00 GMT+0500 (Pakistan Standard Time)","0","0","0","0","0","0","0","0","0","0","0","0","0","0","0","0","0","0","0"
"95","Mon Dec 22 2025 05:00:00 GMT+0500 (Pakistan Standard Time)","true","0","587861","0","0","0","0","0","0","0","0","0","0","47694053","1","Tue Dec 23 2025 15:42:00 GMT+0500 (Pakistan Standard Time)","0","0","0","0","0","0","0","0","0","0","0","0","0","0","0","0","0","0","0"
"96","Tue Dec 23 2025 05:00:00 GMT+0500 (Pakistan Standard Time)","true","0","100316","730886","3769780","1060405","572860","0","2400","1650","0","0","3684335","44736604","1","Tue Dec 23 2025 15:43:00 GMT+0500 (Pakistan Standard Time)","0","0","0","0","1600","0","0","0","500000","0","0","0","0","0","0","83795","83795","0","0"
"97","Wed Dec 24 2025 05:00:00 GMT+0500 (Pakistan Standard Time)","true","0","3859596","527675","126745","431390","4190670","0","4000","0","0","0","126025","45134254","1","Wed Dec 24 2025 17:47:00 GMT+0500 (Pakistan Standard Time)","0","0","0","0","0","0","0","20000","500000","0","0","0","0","0","0","720","720","0","0"
"98","Thu Dec 25 2025 05:00:00 GMT+0500 (Pakistan Standard Time)","true","0","3473606","856745","160940","560990","175000","0","1240","29790","0","0","127935","45832969","1","Fri Dec 26 2025 02:10:00 GMT+0500 (Pakistan Standard Time)","0","0","0","0","28855","0","0","55000","0","0","0","0","0","0","0","3215","3215","0","0"
"99","Fri Dec 26 2025 05:00:00 GMT+0500 (Pakistan Standard Time)","true","0","3498606","0","64760","0","25000","0","0","0","0","0","64440","45768529","1","Sat Dec 27 2025 02:03:00 GMT+0500 (Pakistan Standard Time)","0","0","0","0","0","0","0","0","0","0","0","0","0","0","0","320","320","0","0"
"100","Sat Dec 27 2025 05:00:00 GMT+0500 (Pakistan Standard Time)","true","0","2855476","524607","140700","663130","20000","0","0","5250","0","0","131420","46156416","1","Sat Dec 27 2025 23:00:00 GMT+0500 (Pakistan Standard Time)","0","0","0","0","5300","0","0","0","0","0","0","0","0","0","0","4030","4030","0","0"
"101","Sun Dec 28 2025 05:00:00 GMT+0500 (Pakistan Standard Time)","true","0","2594816","250090","81580","353660","93000","0","0","2700","0","0","76700","46327206","1","Sun Dec 28 2025 23:34:00 GMT+0500 (Pakistan Standard Time)","0","0","0","0","2600","0","0","0","0","0","0","0","0","0","0","2180","2180","0","0"
"102","Mon Dec 29 2025 05:00:00 GMT+0500 (Pakistan Standard Time)","true","0","2594816","0","0","0","0","0","0","0","0","0","0","46327206","1","Thu Jan 01 2026 18:58:00 GMT+0500 (Pakistan Standard Time)","0","0","0","0","0","0","0","0","0","0","0","0","0","0","0","0","0","0","0"
"103","Tue Dec 30 2025 05:00:00 GMT+0500 (Pakistan Standard Time)","true","0","2594816","0","0","0","0","0","0","0","0","0","0","46327206","1","Thu Jan 01 2026 19:53:00 GMT+0500 (Pakistan Standard Time)","0","0","0","0","0","0","0","0","0","0","0","0","0","0","0","0","0","0","0"
"104","Wed Dec 31 2025 05:00:00 GMT+0500 (Pakistan Standard Time)","true","0","2594816","0","0","0","0","0","0","0","0","0","0","46327206","1","Thu Jan 01 2026 19:54:00 GMT+0500 (Pakistan Standard Time)","0","0","0","0","0","0","0","0","0","0","0","0","0","0","0","0","0","0","0"
"105","Thu Jan 01 2026 05:00:00 GMT+0500 (Pakistan Standard Time)","true","0","2343663","1102485","460980","1044653","793500","0","0","10170","0","0","441125","46978561","1","Thu Jan 01 2026 19:59:00 GMT+0500 (Pakistan Standard Time)","0","0","0","0","10005","0","0","40000","0","0","0","0","0","0","0","9685","9685","0","0"
"106","Fri Jan 02 2026 05:00:00 GMT+0500 (Pakistan Standard Time)","true","0","1530363","455791","131020","822100","8800","0","0","5400","0","0","120950","47384227","1","Fri Jan 02 2026 17:15:00 GMT+0500 (Pakistan Standard Time)","0","0","20920","75875","5050","0","0","0","0","0","0","0","0","0","0","4670","-16250","0","0"
"107","Sat Jan 03 2026 05:00:00 GMT+0500 (Pakistan Standard Time)","true","0","769823.92","1266220","715055","830689.08","70150","0","86155","0","0","0","694370","47874972","1","Sat Jan 03 2026 16:36:00 GMT+0500 (Pakistan Standard Time)","0","0","0","5050","0","0","0","59000","0","0","0","0","0","0","0","20685","20685","0","0"
"108","Sun Jan 04 2026 05:00:00 GMT+0500 (Pakistan Standard Time)","true","0","326674.92","383500","933320","613149","170000","0","40700","1550","0","0","890760","47325512","1","Tue Jan 06 2026 15:47:00 GMT+0500 (Pakistan Standard Time)","0","0","0","0","1500","0","0","0","0","0","0","0","0","0","0","41010","41010","0","0"
"109","Mon Jan 05 2026 05:00:00 GMT+0500 (Pakistan Standard Time)","true","0","326674.92","0","0","0","0","0","0","0","0","0","0","47325512","1","Wed Jan 07 2026 16:31:00 GMT+0500 (Pakistan Standard Time)","0","0","0","0","0","0","0","0","0","0","0","0","0","0","0","0","0","0","0"
"110","Tue Jan 06 2026 05:00:00 GMT+0500 (Pakistan Standard Time)","true","0","3522287.92","933340","728880","777155","3972768","0","34125","6990","0","0","674338","47543339","1","Wed Jan 07 2026 16:34:00 GMT+0500 (Pakistan Standard Time)","0","0","0","0","7050","0","0","1921930","1800000","0","0","0","0","0","0","47552","47552","0","0"
"111","Wed Jan 07 2026 05:00:00 GMT+0500 (Pakistan Standard Time)","true","0","4485697.92","7760","8458080","0","963410","0","0","0","0","0","8098195","39452904","1","Thu Jan 08 2026 20:09:00 GMT+0500 (Pakistan Standard Time)","0","0","0","0","0","0","0","938410","0","0","0","0","0","0","0","359885","359885","0","0"
"112","Thu Jan 08 2026 05:00:00 GMT+0500 (Pakistan Standard Time)","true","0","19052157.92","401280","7357390","344830","14911290","0","0","1900","0","0","7465330","32387454","1","Fri Jan 09 2026 16:14:00 GMT+0500 (Pakistan Standard Time)","0","0","0","0","1400","0","0","14790790","0","0","0","0","0","0","0","-109840","-109840","0","0"
"113","Fri Jan 09 2026 05:00:00 GMT+0500 (Pakistan Standard Time)","true","0","18984357.92","195700","596820","77800","10000","0","0","72600","0","0","479375","32031779","1","Sat Jan 10 2026 15:21:00 GMT+0500 (Pakistan Standard Time)","0","0","0","0","72000","0","0","10000","0","0","0","0","0","0","0","44845","44845","0","0"
"114","Sat Jan 10 2026 05:00:00 GMT+0500 (Pakistan Standard Time)","true","0","18166637.92","1874420","273180","1550350","732630","0","44780","7370","0","0","250175","33604014","1","Mon Jan 12 2026 16:29:00 GMT+0500 (Pakistan Standard Time)","0","0","0","0","7230","0","0","59000","0","0","0","0","0","0","0","15635","15635","0","0"
"115","Sun Jan 11 2026 05:00:00 GMT+0500 (Pakistan Standard Time)","true","0","18166637.92","0","11000","0","0","0","0","0","0","0","9850","33594164","1","Tue Jan 13 2026 20:21:00 GMT+0500 (Pakistan Standard Time)","0","0","0","0","0","0","0","0","0","0","0","0","0","0","0","1150","1150","0","0"
"116","Mon Jan 12 2026 05:00:00 GMT+0500 (Pakistan Standard Time)","true","0","17099067.92","592080","66530","1132640","65070","0","20690","2850","0","0","58955","34103849","1","Tue Jan 13 2026 20:31:00 GMT+0500 (Pakistan Standard Time)","0","0","0","0","2750","0","0","30000","0","0","0","0","0","0","0","4725","4725","0","0"
"117","Tue Jan 13 2026 05:00:00 GMT+0500 (Pakistan Standard Time)","true","0","16779920.92","463645","27150","439417","120270","0","66250","0","0","0","23995","34477249","1","Wed Jan 14 2026 19:05:00 GMT+0500 (Pakistan Standard Time)","0","0","0","0","0","0","0","0","0","0","0","0","0","0","0","3155","3155","0","0"
"118","Wed Jan 14 2026 05:00:00 GMT+0500 (Pakistan Standard Time)","true","0","16649625.92","575945","433970","375410","245115","0","0","11250","0","0","410770","34720779","1","Thu Jan 15 2026 20:55:00 GMT+0500 (Pakistan Standard Time)","0","0","13575","88860","10505","0","0","192640","0","0","0","0","0","0","0","11950","-1625","0","0"
"119","Thu Jan 15 2026 05:00:00 GMT+0500 (Pakistan Standard Time)","true","0","16846695.92","367678","354320","273890","470960","0","0","1630","0","0","320325","34766612","1","Fri Jan 16 2026 22:08:00 GMT+0500 (Pakistan Standard Time)","0","0","0","0","1520","0","0","311460","0","0","0","0","0","0","0","32365","32365","0","0"
"120","Fri Jan 16 2026 05:00:00 GMT+0500 (Pakistan Standard Time)","true","0","16668685.92","439925","541750","618830","440820","0","22860","9400","0","0","521160","34653217","1","Sat Jan 17 2026 15:36:00 GMT+0500 (Pakistan Standard Time)","0","0","0","0","9300","0","0","370820","0","0","0","0","0","0","0","11190","11190","0","0"
"121","Sat Jan 17 2026 05:00:00 GMT+0500 (Pakistan Standard Time)","true","0","16352035.92","633580","50600","440650","124000","0","24195","0","0","0","48550","35214052","1","Mon Jan 19 2026 00:55:00 GMT+0500 (Pakistan Standard Time)","0","0","0","0","0","0","0","38000","0","0","0","0","0","0","0","2050","2050","0","0"
"122","Sun Jan 18 2026 05:00:00 GMT+0500 (Pakistan Standard Time)","true","0","16392035.92","16200","174440","0","40000","0","0","0","0","0","166070","35064182","1","Mon Jan 19 2026 23:13:00 GMT+0500 (Pakistan Standard Time)","0","0","0","0","0","0","0","40000","0","0","0","0","0","0","0","8370","8370","0","0"
"123","Mon Jan 19 2026 05:00:00 GMT+0500 (Pakistan Standard Time)","true","0","15904795.92","741138","123610","715790","228550","0","19180","26000","0","0","98980","35664560","1","Tue Jan 20 2026 22:46:00 GMT+0500 (Pakistan Standard Time)","0","0","0","0","22600","0","0","174900","0","0","0","0","0","0","0","-1370","-1370","0","0"
"124","Tue Jan 20 2026 05:00:00 GMT+0500 (Pakistan Standard Time)","true","0","15517944.92","545602","68520","575897","189046","0","19385","0","0","0","67205","36123572","1","Wed Jan 21 2026 18:13:00 GMT+0500 (Pakistan Standard Time)","0","0","0","0","0","0","0","15000","0","0","0","0","0","0","0","1315","1315","0","0"
"125","Wed Jan 21 2026 05:00:00 GMT+0500 (Pakistan Standard Time)","true","0","15274394.92","416931","164635","378200","134650","0","0","900","0","0","157980","36380273","1","Thu Jan 22 2026 19:17:00 GMT+0500 (Pakistan Standard Time)","0","0","0","0","2250","0","0","33000","0","0","0","0","0","0","0","5755","5755","0","0"
"126","Thu Jan 22 2026 05:00:00 GMT+0500 (Pakistan Standard Time)","true","0","14854514.92","517968","151830","441880","22000","0","37175","0","0","0","146035","36715031","1","Fri Jan 23 2026 17:10:00 GMT+0500 (Pakistan Standard Time)","0","0","0","0","0","0","0","22000","0","0","0","0","0","0","0","5795","5795","0","0"
"127","Fri Jan 23 2026 05:00:00 GMT+0500 (Pakistan Standard Time)","true","0","18094754.92","298617","3772220","367980","3608220","0","0","14100","0","0","3639110","33362288","1","Sat Jan 24 2026 17:39:00 GMT+0500 (Pakistan Standard Time)","0","0","0","0","12250","0","0","3491020","0","0","0","0","0","0","0","119010","119010","0","0"
"128","Sat Jan 24 2026 05:00:00 GMT+0500 (Pakistan Standard Time)","true","0","17826774.92","510697","145230","437980","170000","0","15350","0","0","0","135815","33721820","1","Sun Jan 25 2026 20:23:00 GMT+0500 (Pakistan Standard Time)","0","0","0","0","0","0","0","0","0","0","0","0","0","0","0","9415","9415","0","0"
"129","Sun Jan 25 2026 05:00:00 GMT+0500 (Pakistan Standard Time)","true","0","17825954.92","1580","172840","101000","100180","0","0","0","0","0","167150","33556250","1","Mon Jan 26 2026 17:35:00 GMT+0500 (Pakistan Standard Time)","0","0","0","0","0","0","0","20000","0","0","0","0","0","0","0","5690","5690","0","0"
"130","Mon Jan 26 2026 05:00:00 GMT+0500 (Pakistan Standard Time)","true","0","17781144.92","713543","197540","567030","522220","0","0","0","0","0","189445","34080348","1","Tue Jan 27 2026 15:44:00 GMT+0500 (Pakistan Standard Time)","0","0","0","0","0","0","0","462220","0","0","0","0","0","0","0","8095","8095","0","0"
"131","Tue Jan 27 2026 05:00:00 GMT+0500 (Pakistan Standard Time)","true","0","17267284.92","775040","198870","653510","139650","0","14860","0","0","0","191265","34649263","1","Wed Jan 28 2026 17:38:00 GMT+0500 (Pakistan Standard Time)","0","0","0","0","0","0","0","39750","0","0","0","0","0","0","0","7605","7605","0","0"
"132","Wed Jan 28 2026 05:00:00 GMT+0500 (Pakistan Standard Time)","true","0","17154589.92","391164","237890","488300","375605","0","18625","0","0","0","228435","34793367","1","Thu Jan 29 2026 15:59:00 GMT+0500 (Pakistan Standard Time)","0","0","0","0","0","0","0","357510","0","0","0","0","0","0","0","9455","9455","0","0"
"133","Thu Jan 29 2026 05:00:00 GMT+0500 (Pakistan Standard Time)","true","0","16826949.92","637777","93500","418090","90450","0","12200","2100","0","0","86845","35330049","1","Fri Jan 30 2026 23:29:00 GMT+0500 (Pakistan Standard Time)","0","0","0","0","2050","0","0","0","0","0","0","0","0","0","0","4555","4555","0","0"
"134","Fri Jan 30 2026 05:00:00 GMT+0500 (Pakistan Standard Time)","true","0","16438949.92","396785","1406280","408000","20000","0","0","4150","0","0","1353890","34369164","1","Sat Jan 31 2026 23:38:00 GMT+0500 (Pakistan Standard Time)","0","0","0","0","3780","0","0","20000","0","0","0","0","0","0","0","48240","48240","0","0"
"135","Sat Jan 31 2026 05:00:00 GMT+0500 (Pakistan Standard Time)","true","0","15899299.92","644965","298780","594650","55000","0","1450","0","0","0","288725","34723954","1","Mon Feb 02 2026 01:14:00 GMT+0500 (Pakistan Standard Time)","0","0","0","0","0","0","0","55000","0","0","0","0","0","0","0","10055","10055","0","0"
"136","Sun Feb 01 2026 05:00:00 GMT+0500 (Pakistan Standard Time)","true","0","17396539.92","3400","136335","0","1497240","0","0","5580","0","0","128009","34594120","1","Tue Feb 03 2026 01:48:00 GMT+0500 (Pakistan Standard Time)","0","0","0","0","5225","0","0","1478740","0","0","0","0","0","0","0","2746","2746","0","0"
"137","Mon Feb 02 2026 05:00:00 GMT+0500 (Pakistan Standard Time)","true","0","16913389.92","820618","117060","518150","35000","0","0","0","0","0","107855","35306883","1","Tue Feb 03 2026 16:29:00 GMT+0500 (Pakistan Standard Time)","0","0","0","0","0","0","0","0","0","0","0","0","0","0","0","9205","9205","0","0"
"138","Tue Feb 03 2026 05:00:00 GMT+0500 (Pakistan Standard Time)","true","0","17273389.92","2400","328880","0","360000","0","0","16700","0","0","291925","35000658","1","Thu Feb 05 2026 02:12:00 GMT+0500 (Pakistan Standard Time)","0","0","0","0","16700","0","0","360000","0","0","0","0","0","0","0","20255","20255","0","0"
"139","Wed Feb 04 2026 05:00:00 GMT+0500 (Pakistan Standard Time)","true","0","16577359.92","774818","471050","811030","115000","0","92000","0","0","0","457400","35226076","1","Fri Feb 06 2026 00:22:00 GMT+0500 (Pakistan Standard Time)","0","0","0","0","0","0","0","35000","0","0","0","0","0","0","0","13650","13650","0","0"
"140","Thu Feb 05 2026 05:00:00 GMT+0500 (Pakistan Standard Time)","true","0","16577359.92","0","0","0","0","0","0","0","0","0","0","35226076","1","Sun Feb 08 2026 16:23:00 GMT+0500 (Pakistan Standard Time)","0","0","0","0","0","0","0","0","0","0","0","0","0","0","0","0","0","0","0"
"141","Fri Feb 06 2026 05:00:00 GMT+0500 (Pakistan Standard Time)","true","0","16670904.92","1127171","627840","923665","1017210","0","55940","0","0","0","603590","35693717","1","Sun Feb 08 2026 16:25:00 GMT+0500 (Pakistan Standard Time)","0","0","0","0","0","0","0","1017210","0","0","0","0","0","0","0","24250","24250","0","0"
"142","Sat Feb 07 2026 05:00:00 GMT+0500 (Pakistan Standard Time)","true","0","16670904.92","0","0","0","0","0","0","0","0","0","0","35693717","1","Tue Feb 10 2026 17:25:00 GMT+0500 (Pakistan Standard Time)","0","0","0","0","0","0","0","0","0","0","0","0","0","0","0","0","0","0","0"
"143","Sun Feb 08 2026 05:00:00 GMT+0500 (Pakistan Standard Time)","true","0","16670904.92","0","0","0","0","0","0","0","0","0","0","35693717","1","Tue Feb 10 2026 17:27:00 GMT+0500 (Pakistan Standard Time)","0","0","0","0","0","0","0","0","0","0","0","0","0","0","0","0","0","0","0"
"144","Mon Feb 09 2026 05:00:00 GMT+0500 (Pakistan Standard Time)","true","0","16349694.92","1481196","725260","1224515","903305","0","12300","0","0","0","697370","36465243","1","Tue Feb 10 2026 17:31:00 GMT+0500 (Pakistan Standard Time)","0","0","0","0","0","0","0","663405","0","0","0","0","0","0","0","27890","27890","0","0"
"145","Tue Feb 10 2026 05:00:00 GMT+0500 (Pakistan Standard Time)","true","0","16349694.92","0","0","0","0","0","0","0","0","0","0","36465243","1","Fri Feb 13 2026 16:18:00 GMT+0500 (Pakistan Standard Time)","0","0","0","0","0","0","0","0","0","0","0","0","0","0","0","0","0","0","0"
"146","Wed Feb 11 2026 05:00:00 GMT+0500 (Pakistan Standard Time)","true","0","16349694.92","0","0","0","0","0","0","0","0","0","0","36465243","1","Fri Feb 13 2026 16:20:00 GMT+0500 (Pakistan Standard Time)","0","0","0","0","0","0","0","0","0","0","0","0","0","0","0","0","0","0","0"
"147","Thu Feb 12 2026 05:00:00 GMT+0500 (Pakistan Standard Time)","true","0","15459634.92","886029","417180","1046700","156640","0","72250","4470","0","0","397245","36877807","1","Fri Feb 13 2026 16:21:00 GMT+0500 (Pakistan Standard Time)","0","0","0","0","3970","0","0","115000","0","0","0","0","0","0","0","15465","15465","0","0"
"148","Fri Feb 13 2026 05:00:00 GMT+0500 (Pakistan Standard Time)","true","0","14747524.92","1236863","351810","999110","287000","0","52710","8380","0","0","330955","37722755","1","Sat Feb 14 2026 23:33:00 GMT+0500 (Pakistan Standard Time)","0","0","0","0","8250","0","0","35000","0","0","0","0","0","0","0","12475","12475","0","0"
"149","Sat Feb 14 2026 05:00:00 GMT+0500 (Pakistan Standard Time)","true","0","14747524.92","0","0","0","0","0","0","0","0","0","0","37722755","1","Tue Feb 17 2026 16:10:00 GMT+0500 (Pakistan Standard Time)","0","0","0","0","0","0","0","0","0","0","0","0","0","0","0","0","0","0","0"
"150","Sun Feb 15 2026 05:00:00 GMT+0500 (Pakistan Standard Time)","true","0","14747524.92","0","0","0","0","0","0","0","0","0","0","37722755","1","Tue Feb 17 2026 16:11:00 GMT+0500 (Pakistan Standard Time)","0","0","0","0","0","0","0","0","0","0","0","0","0","0","0","0","0","0","0"
"151","Mon Feb 16 2026 05:00:00 GMT+0500 (Pakistan Standard Time)","true","0","14795524.92","3000","203410","0","48000","0","0","0","0","0","196855","37528900","1","Tue Feb 17 2026 16:12:00 GMT+0500 (Pakistan Standard Time)","0","0","0","0","0","0","0","28000","0","0","0","0","0","0","0","6555","6555","0","0"
"152","Tue Feb 17 2026 05:00:00 GMT+0500 (Pakistan Standard Time)","true","0","14943764.92","550989","44937.5","613100","761340","0","375","0","0","0","43927.5","38035586.5","1","Thu Feb 19 2026 20:54:00 GMT+0500 (Pakistan Standard Time)","0","0","0","0","0","0","0","0","0","0","0","0","0","0","0","1010","1010","0","0"
"153","Wed Feb 18 2026 05:00:00 GMT+0500 (Pakistan Standard Time)","true","0","14199239.92","725580","431550","813025","68500","0","13150","6200","0","0","410002","38332114.5","1","Fri Feb 20 2026 20:30:00 GMT+0500 (Pakistan Standard Time)","0","0","0","0","5900","0","0","0","0","0","0","0","0","0","0","15348","15348","0","0"
"154","Thu Feb 19 2026 05:00:00 GMT+0500 (Pakistan Standard Time)","true","0","13876699.92","238460","46700","352750","30210","0","50990","0","0","0","44275","38475309.5","1","Sat Feb 21 2026 23:58:00 GMT+0500 (Pakistan Standard Time)","0","0","0","0","0","0","0","0","0","0","0","0","0","0","0","2425","2425","0","0"
"155","Fri Feb 20 2026 05:00:00 GMT+0500 (Pakistan Standard Time)","true","0","13453059.92","681204","223600","533640","110000","0","1225","1800","0","0","210405","38942083.5","1","Sun Feb 22 2026 21:10:00 GMT+0500 (Pakistan Standard Time)","0","0","0","0","2800","0","0","0","0","0","0","0","0","0","0","11395","11395","0","0"
"156","Sat Feb 21 2026 05:00:00 GMT+0500 (Pakistan Standard Time)","true","0","13453059.92","0","0","0","0","0","0","0","0","0","0","38942083.5","1","Mon Feb 23 2026 18:05:00 GMT+0500 (Pakistan Standard Time)","0","0","0","0","0","0","0","0","0","0","0","0","0","0","0","0","0","0","0"
"157","Sun Feb 22 2026 05:00:00 GMT+0500 (Pakistan Standard Time)","true","0","14390089.92","0","1093045","350000","1287030","0","9000","0","0","0","1066495","37866588.5","1","Mon Feb 23 2026 18:06:00 GMT+0500 (Pakistan Standard Time)","0","0","0","0","0","0","0","1220030","0","0","0","0","0","0","0","26550","26550","0","0"
"158","Mon Feb 23 2026 05:00:00 GMT+0500 (Pakistan Standard Time)","true","0","13860889.92","874919","457110","694400","165200","0","2325","10850","0","0","431850","38296912.5","1","Tue Feb 24 2026 15:19:00 GMT+0500 (Pakistan Standard Time)","0","0","0","0","10420","0","0","15000","0","0","0","0","0","0","0","14410","14410","0","0"
"159","Tue Feb 24 2026 05:00:00 GMT+0500 (Pakistan Standard Time)","true","0","14519589.92","257945","552150","198500","857200","0","25750","3800","0","0","524440","38001067.5","1","Wed Feb 25 2026 19:53:00 GMT+0500 (Pakistan Standard Time)","0","0","0","0","3600","0","0","857200","0","0","0","0","0","0","0","23910","23910","0","0"
"160","Wed Feb 25 2026 05:00:00 GMT+0500 (Pakistan Standard Time)","true","0","13986094.92","386295","133580","608495","75000","0","3700","700","0","0","127645","38255317.5","1","Thu Feb 26 2026 15:34:00 GMT+0500 (Pakistan Standard Time)","0","0","0","0","700","0","0","0","0","0","0","0","0","0","0","5235","5235","0","0"
"161","Thu Feb 26 2026 05:00:00 GMT+0500 (Pakistan Standard Time)","true","0","13654604.92","588542","79670","578500","247010","0","48850","0","0","0","76900","38829424.5","1","Fri Feb 27 2026 19:53:00 GMT+0500 (Pakistan Standard Time)","0","0","0","111315","0","0","0","120000","0","0","0","0","0","0","0","2770","2770","0","0"
"162","Fri Feb 27 2026 05:00:00 GMT+0500 (Pakistan Standard Time)","true","0","13464024.92","416439","63130","300070","109490","0","89150","0","0","0","58955","39097758.5","1","Sat Feb 28 2026 22:42:00 GMT+0500 (Pakistan Standard Time)","0","0","0","0","0","0","0","28000","0","0","0","0","0","0","0","4175","4175","0","0"
"163","Sat Feb 28 2026 05:00:00 GMT+0500 (Pakistan Standard Time)","true","0","12965224.92","510719","343890","578600","79800","0","0","6190","0","0","328325","39274492.5","1","Sun Mar 01 2026 23:41:00 GMT+0500 (Pakistan Standard Time)","0","0","0","0","5660","0","0","57000","0","0","0","0","0","0","0","9375","9375","0","0"
"164","Sun Mar 01 2026 05:00:00 GMT+0500 (Pakistan Standard Time)","true","0","12965224.92","0","0","0","0","0","0","0","0","0","0","39274492.5","1","Tue Mar 03 2026 15:29:00 GMT+0500 (Pakistan Standard Time)","0","0","0","0","0","0","0","0","0","0","0","0","0","0","0","0","0","0","0"
"165","Mon Mar 02 2026 05:00:00 GMT+0500 (Pakistan Standard Time)","true","0","12734354.92","352855","392224","380870","150000","0","6400","2570","0","0","372170","39246362.5","1","Tue Mar 03 2026 15:42:00 GMT+0500 (Pakistan Standard Time)","0","0","0","0","2415","0","0","30000","0","0","0","0","0","0","0","17484","17484","0","0"
"166","Tue Mar 03 2026 05:00:00 GMT+0500 (Pakistan Standard Time)","true","0","12888644.92","369156","204820","325220","479510","0","0","0","0","0","198780","39416738.5","1","Wed Mar 04 2026 22:11:00 GMT+0500 (Pakistan Standard Time)","0","0","0","0","0","0","0","479510","0","0","0","0","0","0","0","6040","6040","0","0"
"167","Wed Mar 04 2026 05:00:00 GMT+0500 (Pakistan Standard Time)","true","0","10566621.42","44560","733040","3149548","827524.5","0","0","7080","0","0","618760","38835838.5","1","Fri Mar 06 2026 00:05:00 GMT+0500 (Pakistan Standard Time)","0","0","0","0","6700","0","0","329020.5","0","0","0","0","0","0","0","107200","107200","0","0"
"168","Thu Mar 05 2026 05:00:00 GMT+0500 (Pakistan Standard Time)","true","0","9789041.42","625240","340380","797580","20000","0","3400","7850","0","0","319590","39130038.5","1","Fri Mar 06 2026 19:26:00 GMT+0500 (Pakistan Standard Time)","0","0","0","0","8050","0","0","20000","0","0","0","0","0","0","0","12940","12940","0","0"
"169","Fri Mar 06 2026 05:00:00 GMT+0500 (Pakistan Standard Time)","true","0","10292906.42","434879","18200","383775","887640","0","7700","0","0","0","17700","39539517.5","1","Sat Mar 07 2026 23:54:00 GMT+0500 (Pakistan Standard Time)","0","0","0","0","0","0","0","0","0","0","0","0","0","0","0","500","500","0","0"
"170","Sat Mar 07 2026 05:00:00 GMT+0500 (Pakistan Standard Time)","true","0","10089566.42","670708","165400","487540","284200","0","11625","0","0","0","162170","40036430.5","1","Sun Mar 08 2026 23:53:00 GMT+0500 (Pakistan Standard Time)","0","0","0","0","0","0","0","40000","0","0","0","0","0","0","0","3230","3230","0","0"
"171","Sun Mar 08 2026 05:00:00 GMT+0500 (Pakistan Standard Time)","true","0","10255566.42","0","225690","0","166000","0","0","3450","0","0","214865","39818365.5","1","Mon Mar 09 2026 19:15:00 GMT+0500 (Pakistan Standard Time)","0","0","0","0","3200","0","0","36000","0","0","0","0","0","0","0","7375","7375","0","0"
"172","Mon Mar 09 2026 05:00:00 GMT+0500 (Pakistan Standard Time)","true","0","9712346.42","1039623","252130","758160","214940","0","16110","0","0","0","307020","40534858.5","1","Tue Mar 10 2026 23:51:00 GMT+0500 (Pakistan Standard Time)","0","0","0","0","0","0","0","35000","0","0","0","0","0","0","0","-54890","-54890","0","0"
"173","Tue Mar 10 2026 05:00:00 GMT+0500 (Pakistan Standard Time)","true","0","9712346.42","0","0","0","0","0","0","0","0","0","0","40534858.5","1","Thu Mar 12 2026 16:25:00 GMT+0500 (Pakistan Standard Time)","0","0","0","0","0","0","0","0","0","0","0","0","0","0","0","0","0","0","0"
"174","Wed Mar 11 2026 05:00:00 GMT+0500 (Pakistan Standard Time)","true","0","8877536.42","649775","222850","883060","48250","0","75725","0","0","0","234119","40874789.5","1","Thu Mar 12 2026 16:26:00 GMT+0500 (Pakistan Standard Time)","0","0","0","0","0","0","0","27000","0","0","0","0","0","0","0","-11269","-11269","0","0"
"175","Thu Mar 12 2026 05:00:00 GMT+0500 (Pakistan Standard Time)","true","0","10034366.42","490127","1661440","287940","1444770","0","35775","0","0","0","1608120","39721021.5","1","Fri Mar 13 2026 23:50:00 GMT+0500 (Pakistan Standard Time)","0","0","0","0","0","0","0","1440270","0","0","0","0","0","0","0","53320","53320","0","0"
"176","Fri Mar 13 2026 05:00:00 GMT+0500 (Pakistan Standard Time)","true","0","10123696.42","280415","179120","400000","489330","0","0","0","0","0","164250","39837186.5","1","Sun Mar 15 2026 00:08:00 GMT+0500 (Pakistan Standard Time)","0","0","0","0","0","0","0","12000","0","0","0","0","0","0","0","14870","14870","0","0"
"177","Sat Mar 14 2026 05:00:00 GMT+0500 (Pakistan Standard Time)","true","0","9956712.42","831474","171606","796984","630000","0","6620","0","0","0","167641","40494399.5","1","Mon Mar 16 2026 17:18:00 GMT+0500 (Pakistan Standard Time)","0","0","0","0","0","0","0","60000","0","0","0","0","0","0","0","3965","3965","0","0"
"178","Sun Mar 15 2026 05:00:00 GMT+0500 (Pakistan Standard Time)","true","0","9606837.42","718824","382800","676470","326595","0","49450","2800","0","0","370100","40791103.5","1","Tue Mar 17 2026 20:37:00 GMT+0500 (Pakistan Standard Time)","0","0","0","0","2570","0","0","15000","0","0","0","0","0","0","0","9900","9900","0","0"
"179","Mon Mar 16 2026 05:00:00 GMT+0500 (Pakistan Standard Time)","true","0","9606837.42","0","0","0","0","0","0","0","0","0","0","40791103.5","1","Wed Mar 18 2026 17:49:00 GMT+0500 (Pakistan Standard Time)","0","0","0","0","0","0","0","0","0","0","0","0","0","0","0","0","0","0","0"
"180","Tue Mar 17 2026 05:00:00 GMT+0500 (Pakistan Standard Time)","true","0","9133217.42","634537","113070","483620","10000","0","600","10100","0","0","102095","41312945.5","1","Wed Mar 18 2026 17:50:00 GMT+0500 (Pakistan Standard Time)","0","0","0","0","10000","0","0","10000","0","0","0","0","0","0","0","875","875","0","0"
"181","Wed Mar 18 2026 05:00:00 GMT+0500 (Pakistan Standard Time)","true","0","8771367.42","433922","929390","391750","29900","0","9550","0","0","0","904930","40832387.5","1","Fri Mar 20 2026 00:26:00 GMT+0500 (Pakistan Standard Time)","0","0","0","0","0","0","0","0","0","0","0","0","0","0","0","24460","24460","0","0"
"182","Thu Mar 19 2026 05:00:00 GMT+0500 (Pakistan Standard Time)","true","0","8948367.42","7750","334520","0","177000","0","0","19250","0","0","299665","40522482.5","1","Tue Mar 24 2026 02:27:00 GMT+0500 (Pakistan Standard Time)","0","0","0","0","17990","0","0","0","0","0","0","0","0","0","0","15605","15605","0","0"
"183","Fri Mar 20 2026 05:00:00 GMT+0500 (Pakistan Standard Time)","true","0","8948367.42","0","0","0","0","0","0","0","0","0","0","40522482.5","1","Wed Mar 25 2026 15:19:00 GMT+0500 (Pakistan Standard Time)","0","0","0","0","0","0","0","0","0","0","0","0","0","0","0","0","0","0","0"
"184","Sat Mar 21 2026 05:00:00 GMT+0500 (Pakistan Standard Time)","true","0","8948367.42","0","0","0","0","0","0","0","0","0","0","40522482.5","1","Wed Mar 25 2026 15:20:00 GMT+0500 (Pakistan Standard Time)","0","0","0","0","0","0","0","0","0","0","0","0","0","0","0","0","0","0","0"
"185","Sun Mar 22 2026 05:00:00 GMT+0500 (Pakistan Standard Time)","true","0","8948367.42","0","0","0","0","0","0","0","0","0","0","40522482.5","1","Wed Mar 25 2026 15:21:00 GMT+0500 (Pakistan Standard Time)","0","0","0","0","0","0","0","0","0","0","0","0","0","0","0","0","0","0","0"
"186","Mon Mar 23 2026 05:00:00 GMT+0500 (Pakistan Standard Time)","true","0","8948367.42","0","0","0","0","0","0","0","0","0","0","40522482.5","1","Wed Mar 25 2026 15:23:00 GMT+0500 (Pakistan Standard Time)","0","0","0","0","0","0","0","0","0","0","0","0","0","0","0","0","0","0","0"
"187","Tue Mar 24 2026 05:00:00 GMT+0500 (Pakistan Standard Time)","true","0","9659812.42","829040","159490","462635","1174080","0","15300","0","0","0","153480","41182742.5","1","Wed Mar 25 2026 15:24:00 GMT+0500 (Pakistan Standard Time)","0","0","0","0","0","0","0","40000","0","0","0","0","0","0","0","6010","6010","0","0"
"188","Wed Mar 25 2026 05:00:00 GMT+0500 (Pakistan Standard Time)","true","0","9659812.42","0","0","0","0","0","0","0","0","0","0","41182742.5","1","Fri Mar 27 2026 20:45:00 GMT+0500 (Pakistan Standard Time)","0","0","0","0","0","0","0","0","0","0","0","0","0","0","0","0","0","0","0"
"189","Thu Mar 26 2026 05:00:00 GMT+0500 (Pakistan Standard Time)","true","0","8273972.42","1319160","316200","1654440","268600","0","13000","71630","0","0","231340","42188732.5","1","Fri Mar 27 2026 20:50:00 GMT+0500 (Pakistan Standard Time)","0","0","0","0","68830","0","0","20000","0","0","0","0","0","0","0","13230","13230","0","0"
"190","Fri Mar 27 2026 05:00:00 GMT+0500 (Pakistan Standard Time)","true","0","7899992.42","646326","659290","640980","267000","0","34060","0","0","0","633240","42167758.5","1","Sun Mar 29 2026 02:24:00 GMT+0500 (Pakistan Standard Time)","0","0","0","0","0","0","0","40000","0","0","0","0","0","0","0","26050","26050","0","0"
"191","Sat Mar 28 2026 05:00:00 GMT+0500 (Pakistan Standard Time)","true","0","6705111.42","2993713","152530","1524931","330050","0","28020","12410","0","0","135990","44985731.5","1","Tue Mar 31 2026 16:16:00 GMT+0500 (Pakistan Standard Time)","0","0","0","0","11730","0","0","33000","0","0","0","0","0","0","0","4130","4130","0","0"
"192","Sun Mar 29 2026 05:00:00 GMT+0500 (Pakistan Standard Time)","true","0","6705111.42","0","0","0","0","0","0","0","0","0","0","44985731.5","1","Fri Apr 03 2026 00:05:00 GMT+0500 (Pakistan Standard Time)","0","0","0","0","0","0","0","0","0","0","0","0","0","0","0","0","0","0","0"
"193","Mon Mar 30 2026 05:00:00 GMT+0500 (Pakistan Standard Time)","true","0","6705111.42","0","0","0","0","0","0","0","0","0","0","44985731.5","1","Fri Apr 03 2026 00:09:00 GMT+0500 (Pakistan Standard Time)","0","0","0","0","0","0","0","0","0","0","0","0","0","0","0","0","0","0","0"
"194","Tue Mar 31 2026 05:00:00 GMT+0500 (Pakistan Standard Time)","true","0","6305961.42","450340","743820","619200","220050","0","49000","3800","0","0","719395","44663976.5","1","Fri Apr 03 2026 00:11:00 GMT+0500 (Pakistan Standard Time)","0","0","0","0","3700","0","0","43000","0","0","0","0","0","0","0","20625","20625","0","0"
"195","Wed Apr 01 2026 05:00:00 GMT+0500 (Pakistan Standard Time)","true","0","6305961.42","0","0","0","0","0","0","0","0","0","0","44663976.5","1","Sat Apr 04 2026 01:14:00 GMT+0500 (Pakistan Standard Time)","0","0","0","0","0","0","0","0","0","0","0","0","0","0","0","0","0","0","0"
"196","Thu Apr 02 2026 05:00:00 GMT+0500 (Pakistan Standard Time)","true","0","5836676.42","1620455","311490","1346015","876730","0","36900","4160","0","0","296515","45946966.5","1","Sat Apr 04 2026 01:17:00 GMT+0500 (Pakistan Standard Time)","0","0","0","0","4050","0","0","155000","0","0","0","0","0","0","0","10815","10815","0","0"
"197","Fri Apr 03 2026 05:00:00 GMT+0500 (Pakistan Standard Time)","true","0","5836676.42","0","0","0","0","0","0","0","0","0","0","45946966.5","1","Mon Apr 06 2026 19:55:00 GMT+0500 (Pakistan Standard Time)","0","0","0","0","0","0","0","0","0","0","0","0","0","0","0","0","0","0","0"
"198","Sat Apr 04 2026 05:00:00 GMT+0500 (Pakistan Standard Time)","true","0","5798076.42","62500","201705","159600","121000","0","0","10200","0","0","184463","45815103.5","1","Mon Apr 06 2026 19:56:00 GMT+0500 (Pakistan Standard Time)","0","0","0","0","9900","0","0","89000","0","0","0","0","0","0","0","7042","7042","0","0"
"199","Sun Apr 05 2026 05:00:00 GMT+0500 (Pakistan Standard Time)","true","0","5798076.42","0","0","0","0","0","0","0","0","0","0","45815103.5","1","Tue Apr 07 2026 22:45:00 GMT+0500 (Pakistan Standard Time)","0","0","0","0","0","0","0","0","0","0","0","0","0","0","0","0","0","0","0"
"200","Mon Apr 06 2026 05:00:00 GMT+0500 (Pakistan Standard Time)","true","0","5330946.42","910320","159300","497130","30000","0","17550","16400","0","0","135380","46556683.5","1","Tue Apr 07 2026 22:47:00 GMT+0500 (Pakistan Standard Time)","0","0","0","0","15810","0","0","0","0","0","0","0","0","0","0","7520","7520","0","0"
"201","Tue Apr 07 2026 05:00:00 GMT+0500 (Pakistan Standard Time)","true","0","5200876.42","447790","396640","271070","141000","0","0","3750","0","0","380050","46620583.5","1","Wed Apr 08 2026 22:42:00 GMT+0500 (Pakistan Standard Time)","0","0","0","0","3840","0","0","36000","0","0","0","0","0","0","0","12840","12840","0","0"
"202","Wed Apr 08 2026 05:00:00 GMT+0500 (Pakistan Standard Time)","true","0","5200876.42","0","0","0","0","0","0","0","0","0","0","46620583.5","1","Fri Apr 10 2026 20:47:00 GMT+0500 (Pakistan Standard Time)","0","0","0","0","0","0","0","0","0","0","0","0","0","0","0","0","0","0","0"
"203","Thu Apr 09 2026 05:00:00 GMT+0500 (Pakistan Standard Time)","true","0","4739821.42","629120","378660","708370","247315","0","4350","0","0","0","366018","47016020.5","1","Fri Apr 10 2026 21:06:00 GMT+0500 (Pakistan Standard Time)","0","0","37760","136685","0","0","0","10000","0","0","0","0","0","0","0","12642","-25118","0","0"
"204","Fri Apr 10 2026 05:00:00 GMT+0500 (Pakistan Standard Time)","true","0","5721051.42","0","487960","0","981230","0","0","0","0","0","455765","46560255.5","1","Sat Apr 11 2026 23:23:00 GMT+0500 (Pakistan Standard Time)","0","0","0","0","0","0","0","981230","0","0","0","0","0","0","0","32195","32195","0","0"
"205","Sat Apr 11 2026 05:00:00 GMT+0500 (Pakistan Standard Time)","true","0","7140761.42","677260","2408930","798940","2218650","0","36250","11700","0","0","2228885","44961130.5","1","Sun Apr 12 2026 17:06:00 GMT+0500 (Pakistan Standard Time)","0","0","0","0","11250","0","0","1016250","0","0","0","0","0","0","0","168345","168345","0","0"
"206","Sun Apr 12 2026 05:00:00 GMT+0500 (Pakistan Standard Time)","true","0","10123511.42","632870","4002705","782750","3765500","0","900","2800","0","0","3764995","41825515.5","1","Mon Apr 13 2026 20:20:00 GMT+0500 (Pakistan Standard Time)","0","0","0","0","2590","0","0","3310620","0","0","0","0","0","0","0","234910","234910","0","0"
"207","Mon Apr 13 2026 05:00:00 GMT+0500 (Pakistan Standard Time)","true","0","10123511.42","0","0","0","0","0","0","0","0","0","0","41825515.5","1","Thu Apr 16 2026 14:31:00 GMT+0500 (Pakistan Standard Time)","0","0","0","0","0","0","0","0","0","0","0","0","0","0","0","0","0","0","0"
"208","Tue Apr 14 2026 05:00:00 GMT+0500 (Pakistan Standard Time)","true","0","11452301.42","507790","2223603","503880","1832670","0","5500","13380","30","0","1617799","40695156.5","1","Thu Apr 16 2026 14:32:00 GMT+0500 (Pakistan Standard Time)","0","0","0","0","14850","0","0","1817670","0","0","0","0","0","0","0","592394","592394","0","0"
"209","Wed Apr 15 2026 05:00:00 GMT+0500 (Pakistan Standard Time)","true","0","12191571.42","1100","275650","75000","814270","0","0","6000","0","0","265522","40430319.5","1","Thu Apr 16 2026 23:06:00 GMT+0500 (Pakistan Standard Time)","0","0","0","0","415","0","0","814270","0","0","0","0","0","0","0","4128","4128","0","0"
"210","Thu Apr 16 2026 05:00:00 GMT+0500 (Pakistan Standard Time)","true","0","11758857.42","283985","388730","557214","124500","0","300","3003","0","0","369295","40344429.5","1","Fri Apr 17 2026 20:55:00 GMT+0500 (Pakistan Standard Time)","0","0","0","0","280","0","0","39000","0","0","0","0","0","0","0","16432","16432","0","0"
"211","Fri Apr 17 2026 05:00:00 GMT+0500 (Pakistan Standard Time)","true","0","11726117.42","260730","189980","167740","135000","0","0","0","0","0","183385","40421774.5","1","Sat Apr 18 2026 20:26:00 GMT+0500 (Pakistan Standard Time)","0","0","0","0","0","0","0","15000","0","0","0","0","0","0","0","6595","6595","0","0"
"212","Sat Apr 18 2026 05:00:00 GMT+0500 (Pakistan Standard Time)","true","0","11726117.42","0","40240","0","0","0","0","0","0","0","37264","40384510.5","1","Mon Apr 20 2026 20:02:00 GMT+0500 (Pakistan Standard Time)","0","0","0","0","0","0","0","0","0","0","0","0","0","0","0","2976","2976","0","0"
"213","Sun Apr 19 2026 05:00:00 GMT+0500 (Pakistan Standard Time)","true","0","12148427.42","631735","229010","772790","1195100","0","3735","2100","0","0","218845","40791615.5","1","Mon Apr 20 2026 21:07:00 GMT+0500 (Pakistan Standard Time)","0","0","0","0","2050","0","0","20000","0","0","0","0","0","0","0","8065","8065","0","0"
"214","Mon Apr 20 2026 05:00:00 GMT+0500 (Pakistan Standard Time)","true","0","11262002.42","839363","220150","982925","96500","0","6660","15500","0","0","193855","41414963.5","1","Wed Apr 22 2026 00:12:00 GMT+0500 (Pakistan Standard Time)","0","0","0","0","15500","0","0","25000","0","0","0","0","0","0","0","10795","10795","0","0"
"215","Tue Apr 21 2026 05:00:00 GMT+0500 (Pakistan Standard Time)","true","0","11270002.42","1250","48800","0","8000","0","0","0","0","0","47305","41368908.5","1","Thu Apr 23 2026 22:19:00 GMT+0500 (Pakistan Standard Time)","0","0","0","0","0","0","0","8000","0","0","0","0","0","0","0","1495","1495","0","0"
"216","Wed Apr 22 2026 05:00:00 GMT+0500 (Pakistan Standard Time)","true","0","10152952.42","911890","211620","1127050","10000","0","29240","3200","0","0","201525","42049433.5","1","Thu Apr 23 2026 22:39:00 GMT+0500 (Pakistan Standard Time)","0","0","0","0","600","0","0","10000","0","0","0","0","0","0","0","6895","6895","0","0"
"217","Thu Apr 23 2026 05:00:00 GMT+0500 (Pakistan Standard Time)","true","0","10152952.42","0","0","0","0","0","0","0","0","0","0","42049433.5","1","Sat Apr 25 2026 22:32:00 GMT+0500 (Pakistan Standard Time)","0","0","0","0","0","0","0","0","0","0","0","0","0","0","0","0","0","0","0"
"218","Fri Apr 24 2026 05:00:00 GMT+0500 (Pakistan Standard Time)","true","0","10010952.42","127820","124900","160000","18000","0","0","16300","0","0","105340","42056413.5","1","Sat Apr 25 2026 22:34:00 GMT+0500 (Pakistan Standard Time)","0","0","0","0","15500","0","0","18000","0","0","0","0","0","0","0","3260","3260","0","0"
"219","Sat Apr 25 2026 05:00:00 GMT+0500 (Pakistan Standard Time)","true","0","10010952.42","0","0","0","0","0","0","0","0","0","0","42056413.5","1","Mon Apr 27 2026 15:12:00 GMT+0500 (Pakistan Standard Time)","0","0","0","0","0","0","0","0","0","0","0","0","0","0","0","0","0","0","0"
"220","Sun Apr 26 2026 05:00:00 GMT+0500 (Pakistan Standard Time)","false","0","0","0","0","0","0","0","0","0","0","0","0","0","1","Mon Apr 27 2026 15:24:00 GMT+0500 (Pakistan Standard Time)","0","0","0","0","0","0","0","0","0","0","0","0","0","0","0","0","0","0","0"