"RetId","RetVch","BillNo","ItemNo","RetQty","CPrice","Total","Detail","Retdate","RetBy","RebLess"
"1","251014001","139","7","5","120","600",,"Tue Oct 14 2025 05:00:00 GMT+0500 (Pakistan Standard Time)","1","0"
"2","251014001","139","9","10","200","2000",,"Tue Oct 14 2025 05:00:00 GMT+0500 (Pakistan Standard Time)","1","0"
"3","251014002","140","1","5","320","1600",,"Tue Oct 14 2025 05:00:00 GMT+0500 (Pakistan Standard Time)","1","0"
"4","251014002","140","2","5","320","1600",,"Tue Oct 14 2025 05:00:00 GMT+0500 (Pakistan Standard Time)","1","0"
"5","251014003","49","104","1","1825","1825",,"Tue Oct 14 2025 05:00:00 GMT+0500 (Pakistan Standard Time)","1","0"
"6","251014003","117","3","1","2625","2625",,"Tue Oct 14 2025 05:00:00 GMT+0500 (Pakistan Standard Time)","1","0"
"7","251014003","128","5","1","1850","1850",,"Tue Oct 14 2025 05:00:00 GMT+0500 (Pakistan Standard Time)","1","0"
"8","251014003","49","7","1","2000","2000",,"Tue Oct 14 2025 05:00:00 GMT+0500 (Pakistan Standard Time)","1","0"
"9","251014003","49","104","1","1825","1825",,"Tue Oct 14 2025 05:00:00 GMT+0500 (Pakistan Standard Time)","1","0"
"10","251014003","86","3","1","1500","1500",,"Tue Oct 14 2025 05:00:00 GMT+0500 (Pakistan Standard Time)","1","0"
"11","251014003","86","115","2","1570","3140",,"Tue Oct 14 2025 05:00:00 GMT+0500 (Pakistan Standard Time)","1","0"
"12","251014003","86","11","1","1300","1300",,"Tue Oct 14 2025 05:00:00 GMT+0500 (Pakistan Standard Time)","1","0"
"13","251014003","81","40","3","1400","4200",,"Tue Oct 14 2025 05:00:00 GMT+0500 (Pakistan Standard Time)","1","0"
"14","251014003","81","25","1","1400","1400",,"Tue Oct 14 2025 05:00:00 GMT+0500 (Pakistan Standard Time)","1","0"
"15","251014004","74","9","1","850","850",,"Tue Oct 14 2025 05:00:00 GMT+0500 (Pakistan Standard Time)","1","0"
"16","251014004","74","9","3","850","2550",,"Tue Oct 14 2025 05:00:00 GMT+0500 (Pakistan Standard Time)","1","0"
"17","251014005","80","15","1","730","730",,"Tue Oct 14 2025 05:00:00 GMT+0500 (Pakistan Standard Time)","1","0"
"18","251014006","76","21","2","620","1240",,"Tue Oct 14 2025 05:00:00 GMT+0500 (Pakistan Standard Time)","1","0"
"19","251015001","151","4","5","2200","11000",,"Wed Oct 15 2025 05:00:00 GMT+0500 (Pakistan Standard Time)","1","0"
"22","251016001","82","29","1","1550","1550",,"Thu Oct 16 2025 05:00:00 GMT+0500 (Pakistan Standard Time)","1","0"
"23","251016001","87","8","1","1480","1480",,"Thu Oct 16 2025 05:00:00 GMT+0500 (Pakistan Standard Time)","1","0"
"25","251016003","110","1","1","820","820",,"Thu Oct 16 2025 05:00:00 GMT+0500 (Pakistan Standard Time)","1","0"
"26","251016003","73","1","1","650","650",,"Thu Oct 16 2025 05:00:00 GMT+0500 (Pakistan Standard Time)","1","0"
"27","251016004","78","8","2","800","1600",,"Thu Oct 16 2025 05:00:00 GMT+0500 (Pakistan Standard Time)","1","0"
"28","251016004","78","9","1","850","850",,"Thu Oct 16 2025 05:00:00 GMT+0500 (Pakistan Standard Time)","1","0"
"29","251019001","192","4","3","1550","4650",,"Sun Oct 19 2025 05:00:00 GMT+0500 (Pakistan Standard Time)","1","0"
"30","251020001","143","3","1","1950","1950",,"Mon Oct 20 2025 05:00:00 GMT+0500 (Pakistan Standard Time)","1","0"
"31","251020002","21","1","1","2100","2100",,"Mon Oct 20 2025 05:00:00 GMT+0500 (Pakistan Standard Time)","1","0"
"32","251020003","71","1","2","700","1400",,"Mon Oct 20 2025 05:00:00 GMT+0500 (Pakistan Standard Time)","1","0"
"33","251020004","182","16","5","200","1000",,"Mon Oct 20 2025 05:00:00 GMT+0500 (Pakistan Standard Time)","1","0"
"34","251020005","72","1","1","700","700",,"Mon Oct 20 2025 05:00:00 GMT+0500 (Pakistan Standard Time)","1","0"
"35","251021001","207","10","3","880","2640",,"Tue Oct 21 2025 05:00:00 GMT+0500 (Pakistan Standard Time)","1","0"
"36","251021001","207","11","3","650","1950",,"Tue Oct 21 2025 05:00:00 GMT+0500 (Pakistan Standard Time)","1","0"
"37","251022001","230","5","1","9000","9000",,"Wed Oct 22 2025 05:00:00 GMT+0500 (Pakistan Standard Time)","1","0"
"38","251023001","235","8","5","1600","8000",,"Thu Oct 23 2025 05:00:00 GMT+0500 (Pakistan Standard Time)","1","0"
"39","251023002","56","5","1","2625","2625",,"Thu Oct 23 2025 05:00:00 GMT+0500 (Pakistan Standard Time)","1","0"
"40","251023002","49","104","1","1825","1825",,"Thu Oct 23 2025 05:00:00 GMT+0500 (Pakistan Standard Time)","1","0"
"41","251023002","54","24","1","1875","1875",,"Thu Oct 23 2025 05:00:00 GMT+0500 (Pakistan Standard Time)","1","0"
"42","251023002","152","17","1","7025","7025",,"Thu Oct 23 2025 05:00:00 GMT+0500 (Pakistan Standard Time)","1","0"
"43","251023002","81","1","1","1300","1300",,"Thu Oct 23 2025 05:00:00 GMT+0500 (Pakistan Standard Time)","1","0"
"44","251024001","249","1","1","1980","1980",,"Fri Oct 24 2025 05:00:00 GMT+0500 (Pakistan Standard Time)","1","0"
"45","251025001","254","1","2","6000","12000",,"Sat Oct 25 2025 05:00:00 GMT+0500 (Pakistan Standard Time)","1","0"
"46","251026001","273","3","5","1505","7525",,"Sun Oct 26 2025 05:00:00 GMT+0500 (Pakistan Standard Time)","1","0"
"47","251026001","273","16","3","2075","6225",,"Sun Oct 26 2025 05:00:00 GMT+0500 (Pakistan Standard Time)","1","0"
"48","251029001","128","7","1","2100","2100",,"Wed Oct 29 2025 05:00:00 GMT+0500 (Pakistan Standard Time)","1","0"
"49","251029001","273","18","1","1485","1485",,"Wed Oct 29 2025 05:00:00 GMT+0500 (Pakistan Standard Time)","1","0"
"50","251029001","111","13","1","1880","1880",,"Wed Oct 29 2025 05:00:00 GMT+0500 (Pakistan Standard Time)","1","0"
"51","251029001","183","8","1","1520","1520",,"Wed Oct 29 2025 05:00:00 GMT+0500 (Pakistan Standard Time)","1","0"
"52","251029001","201","1","1","1400","1400",,"Wed Oct 29 2025 05:00:00 GMT+0500 (Pakistan Standard Time)","1","0"
"53","251029001","117","18","1","1500","1500",,"Wed Oct 29 2025 05:00:00 GMT+0500 (Pakistan Standard Time)","1","0"
"54","251029001","86","13","1","1500","1500",,"Wed Oct 29 2025 05:00:00 GMT+0500 (Pakistan Standard Time)","1","0"
"55","251029001","192","7","3","1540","4620",,"Wed Oct 29 2025 05:00:00 GMT+0500 (Pakistan Standard Time)","1","0"
"56","251029001","183","8","3","1520","4560",,"Wed Oct 29 2025 05:00:00 GMT+0500 (Pakistan Standard Time)","1","0"
"57","251029001","86","115","2","1570","3140",,"Wed Oct 29 2025 05:00:00 GMT+0500 (Pakistan Standard Time)","1","0"
"58","251029002","232","2","2","6600","13200",,"Wed Oct 29 2025 05:00:00 GMT+0500 (Pakistan Standard Time)","1","0"
"59","251030001","254","1","1","6000","6000",,"Thu Oct 30 2025 05:00:00 GMT+0500 (Pakistan Standard Time)","1","0"
"60","251031001","331","6","4","1200","4800",,"Fri Oct 31 2025 05:00:00 GMT+0500 (Pakistan Standard Time)","1","0"
"61","251031002","338","7","10","200","2000",,"Fri Oct 31 2025 05:00:00 GMT+0500 (Pakistan Standard Time)","1","0"
"62","251102001","313","1","2","3500","7000",,"Sun Nov 02 2025 05:00:00 GMT+0500 (Pakistan Standard Time)","1","0"
"63","251102002","349","2","5","1800","9000",,"Sun Nov 02 2025 05:00:00 GMT+0500 (Pakistan Standard Time)","1","0"
"64","251102003","328","2","5","1780","8900",,"Sun Nov 02 2025 05:00:00 GMT+0500 (Pakistan Standard Time)","1","0"
"65","251102004","359","8","5","500","2500",,"Sun Nov 02 2025 05:00:00 GMT+0500 (Pakistan Standard Time)","1","0"
"66","251102004","359","11","5","170","850",,"Sun Nov 02 2025 05:00:00 GMT+0500 (Pakistan Standard Time)","1","0"
"67","251104001","249","1","3","1980","5940",,"Tue Nov 04 2025 05:00:00 GMT+0500 (Pakistan Standard Time)","1","0"
"68","251104001","185","1","3","1500","4500",,"Tue Nov 04 2025 05:00:00 GMT+0500 (Pakistan Standard Time)","1","0"
"69","251105001","273","10","1","1600","1600",,"Wed Nov 05 2025 05:00:00 GMT+0500 (Pakistan Standard Time)","1","0"
"70","251105001","183","2","1","1200","1200",,"Wed Nov 05 2025 05:00:00 GMT+0500 (Pakistan Standard Time)","1","0"
"71","251105001","81","25","1","1400","1400",,"Wed Nov 05 2025 05:00:00 GMT+0500 (Pakistan Standard Time)","1","0"
"72","251105001","304","9","1","1500","1500",,"Wed Nov 05 2025 05:00:00 GMT+0500 (Pakistan Standard Time)","1","0"
"73","251105001","163","2","1","1585","1585",,"Wed Nov 05 2025 05:00:00 GMT+0500 (Pakistan Standard Time)","1","0"
"74","251105001","314","11","1","1800","1800",,"Wed Nov 05 2025 05:00:00 GMT+0500 (Pakistan Standard Time)","1","0"
"75","251105001","49","21","1","1825","1825",,"Wed Nov 05 2025 05:00:00 GMT+0500 (Pakistan Standard Time)","1","0"
"76","251105002","342","1","3","1000","3000",,"Wed Nov 05 2025 05:00:00 GMT+0500 (Pakistan Standard Time)","1","0"
"77","251105003","398","1","3","2200","6600",,"Wed Nov 05 2025 05:00:00 GMT+0500 (Pakistan Standard Time)","1","0"
"78","251105004","391","1","1","7500","7500",,"Wed Nov 05 2025 05:00:00 GMT+0500 (Pakistan Standard Time)","1","0"
"79","251107001","117","21","10","2050","20500",,"Fri Nov 07 2025 05:00:00 GMT+0500 (Pakistan Standard Time)","1","0"
"80","251107002","230","1","3","5300","15900",,"Fri Nov 07 2025 05:00:00 GMT+0500 (Pakistan Standard Time)","1","0"
"81","251108001","422","4","1","7000","7000",,"Sat Nov 08 2025 05:00:00 GMT+0500 (Pakistan Standard Time)","1","0"
"83","251110001","400","1","1","4200","4200",,"Mon Nov 10 2025 05:00:00 GMT+0500 (Pakistan Standard Time)","1","0"
"84","251110002","399","5","1","1450","1450",,"Mon Nov 10 2025 05:00:00 GMT+0500 (Pakistan Standard Time)","1","0"
"85","251110002","183","6","1","1500","1500",,"Mon Nov 10 2025 05:00:00 GMT+0500 (Pakistan Standard Time)","1","0"
"86","251110002","389","7","1","2050","2050",,"Mon Nov 10 2025 05:00:00 GMT+0500 (Pakistan Standard Time)","1","0"
"88","251114001","2","1","1","2500","2500",,"Fri Nov 14 2025 05:00:00 GMT+0500 (Pakistan Standard Time)","1","0"
"89","251114002","422","3","1","4300","4300",,"Fri Nov 14 2025 05:00:00 GMT+0500 (Pakistan Standard Time)","1","0"
"90","251114003","379","1","13","1500","19500",,"Fri Nov 14 2025 05:00:00 GMT+0500 (Pakistan Standard Time)","1","0"
"91","251114004","333","23","1","5450","5450",,"Fri Nov 14 2025 05:00:00 GMT+0500 (Pakistan Standard Time)","1","0"
"92","251114004","157","14","1","1850","1850",,"Fri Nov 14 2025 05:00:00 GMT+0500 (Pakistan Standard Time)","1","0"
"93","251114005","461","3","3","1300","3900",,"Fri Nov 14 2025 05:00:00 GMT+0500 (Pakistan Standard Time)","1","0"
"94","251114005","461","5","2","2650","5300",,"Fri Nov 14 2025 05:00:00 GMT+0500 (Pakistan Standard Time)","1","0"
"98","251115001","223","4","1","1950","1950",,"Sat Nov 15 2025 05:00:00 GMT+0500 (Pakistan Standard Time)","1","0"
"99","251115002","398","1","2","2200","4400",,"Sat Nov 15 2025 05:00:00 GMT+0500 (Pakistan Standard Time)","1","0"
"101","251116001","458","12","5","720","3600",,"Sun Nov 16 2025 05:00:00 GMT+0500 (Pakistan Standard Time)","1","0"
"102","251116001","458","6","5","120","600",,"Sun Nov 16 2025 05:00:00 GMT+0500 (Pakistan Standard Time)","1","0"
"104","251117001","480","11","1","1300","1300",,"Mon Nov 17 2025 05:00:00 GMT+0500 (Pakistan Standard Time)","1","0"
"105","251117001","331","7","1","1560","1560",,"Mon Nov 17 2025 05:00:00 GMT+0500 (Pakistan Standard Time)","1","0"
"106","251117001","416","2","1","1370","1370",,"Mon Nov 17 2025 05:00:00 GMT+0500 (Pakistan Standard Time)","1","0"
"107","251117001","442","8","1","1550","1550",,"Mon Nov 17 2025 05:00:00 GMT+0500 (Pakistan Standard Time)","1","0"
"108","251117001","54","42","1","8600","8600",,"Mon Nov 17 2025 05:00:00 GMT+0500 (Pakistan Standard Time)","1","0"
"109","251117001","192","7","2","1540","3080",,"Mon Nov 17 2025 05:00:00 GMT+0500 (Pakistan Standard Time)","1","0"
"110","251117002","419","2","1","6000","6000",,"Mon Nov 17 2025 05:00:00 GMT+0500 (Pakistan Standard Time)","1","0"
"111","251117003","41","29","2","1850","3700",,"Mon Nov 17 2025 05:00:00 GMT+0500 (Pakistan Standard Time)","1","0"
"112","251117004","157","14","1","1850","1850",,"Mon Nov 17 2025 05:00:00 GMT+0500 (Pakistan Standard Time)","1","0"
"113","251117004","333","23","1","5450","5450",,"Mon Nov 17 2025 05:00:00 GMT+0500 (Pakistan Standard Time)","1","0"
"115","251121001","518","2","1","1660","1660",,"Fri Nov 21 2025 05:00:00 GMT+0500 (Pakistan Standard Time)","1","0"
"116","251124001","573","1","3","800","2400",,"Mon Nov 24 2025 05:00:00 GMT+0500 (Pakistan Standard Time)","1","0"
"118","251124002","582","5","3","9200","27600",,"Mon Nov 24 2025 05:00:00 GMT+0500 (Pakistan Standard Time)","1","0"
"119","251125001","585","2","3","1700","5100",,"Tue Nov 25 2025 05:00:00 GMT+0500 (Pakistan Standard Time)","1","0"
"120","251125001","589","3","1","1550","1550",,"Tue Nov 25 2025 05:00:00 GMT+0500 (Pakistan Standard Time)","1","0"
"121","251127001","590","5","10","1450","14500",,"Thu Nov 27 2025 05:00:00 GMT+0500 (Pakistan Standard Time)","1","0"
"122","251127002","601","3","3","1900","5700",,"Thu Nov 27 2025 05:00:00 GMT+0500 (Pakistan Standard Time)","1","0"
"123","251128001","628","4","5","200","1000",,"Fri Nov 28 2025 05:00:00 GMT+0500 (Pakistan Standard Time)","1","0"
"124","251128002","301","4","3","4800","14400",,"Fri Nov 28 2025 05:00:00 GMT+0500 (Pakistan Standard Time)","1","0"
"125","251128003","636","2","5","1560","7800",,"Fri Nov 28 2025 05:00:00 GMT+0500 (Pakistan Standard Time)","1","0"
"126","251128004","314","1","1","1415","1415",,"Fri Nov 28 2025 05:00:00 GMT+0500 (Pakistan Standard Time)","1","0"
"127","251128004","573","4","1","1250","1250",,"Fri Nov 28 2025 05:00:00 GMT+0500 (Pakistan Standard Time)","1","0"
"128","251128004","291","4","1","1750","1750",,"Fri Nov 28 2025 05:00:00 GMT+0500 (Pakistan Standard Time)","1","0"
"129","251128004","480","7","1","1750","1750",,"Fri Nov 28 2025 05:00:00 GMT+0500 (Pakistan Standard Time)","1","0"
"130","251128004","117","20","1","2000","2000",,"Fri Nov 28 2025 05:00:00 GMT+0500 (Pakistan Standard Time)","1","0"
"131","251128005","314","8","1","1315","1315",,"Fri Nov 28 2025 05:00:00 GMT+0500 (Pakistan Standard Time)","1","0"
"133","251128006","548","5","5","1400","7000",,"Fri Nov 28 2025 05:00:00 GMT+0500 (Pakistan Standard Time)","1","0"
"134","251128006","481","3","9","1650","14850",,"Fri Nov 28 2025 05:00:00 GMT+0500 (Pakistan Standard Time)","1","0"
"135","251128007","643","2","4","1480","5920",,"Fri Nov 28 2025 05:00:00 GMT+0500 (Pakistan Standard Time)","1","0"
"136","251203001","391","3","1","6000","6000",,"Wed Dec 03 2025 05:00:00 GMT+0500 (Pakistan Standard Time)","1","0"
"137","251203002","635","1","1","5500","5500",,"Wed Dec 03 2025 05:00:00 GMT+0500 (Pakistan Standard Time)","1","0"
"138","251203003","674","1","10","1550","15500",,"Wed Dec 03 2025 05:00:00 GMT+0500 (Pakistan Standard Time)","1","0"
"139","251203003","674","6","5","1700","8500",,"Wed Dec 03 2025 05:00:00 GMT+0500 (Pakistan Standard Time)","1","0"
"140","251204001","437","9","1","2400","2400",,"Thu Dec 04 2025 05:00:00 GMT+0500 (Pakistan Standard Time)","1","0"
"141","251204002","654","1","2","4800","9600",,"Thu Dec 04 2025 05:00:00 GMT+0500 (Pakistan Standard Time)","1","0"
"142","251204003","351","15","1","1900","1900",,"Thu Dec 04 2025 05:00:00 GMT+0500 (Pakistan Standard Time)","1","0"
"143","251204004","689","2","1","1975","1975",,"Thu Dec 04 2025 05:00:00 GMT+0500 (Pakistan Standard Time)","1","0"
"144","251204004","304","2","1","1300","1300",,"Thu Dec 04 2025 05:00:00 GMT+0500 (Pakistan Standard Time)","1","0"
"145","251204004","480","7","1","1750","1750",,"Thu Dec 04 2025 05:00:00 GMT+0500 (Pakistan Standard Time)","1","0"
"146","251204004","201","15","1","1875","1875",,"Thu Dec 04 2025 05:00:00 GMT+0500 (Pakistan Standard Time)","1","0"
"148","251205001","683","2","2","5800","11600",,"Fri Dec 05 2025 05:00:00 GMT+0500 (Pakistan Standard Time)","1","0"
"149","251206001","713","2","1","1550","1550",,"Sat Dec 06 2025 05:00:00 GMT+0500 (Pakistan Standard Time)","1","0"
"150","251206001","480","7","1","1750","1750",,"Sat Dec 06 2025 05:00:00 GMT+0500 (Pakistan Standard Time)","1","0"
"151","251206001","331","9","1","1515","1515",,"Sat Dec 06 2025 05:00:00 GMT+0500 (Pakistan Standard Time)","1","0"
"154","251210001","416","12","5","1950","9750",,"Wed Dec 10 2025 05:00:00 GMT+0500 (Pakistan Standard Time)","1","0"
"155","251210002","739","5","2","5400","10800",,"Wed Dec 10 2025 05:00:00 GMT+0500 (Pakistan Standard Time)","1","0"
"156","251210003","728","1","10","1600","16000",,"Wed Dec 10 2025 05:00:00 GMT+0500 (Pakistan Standard Time)","1","0"
"157","251211001","728","2","1","1350","1350",,"Thu Dec 11 2025 05:00:00 GMT+0500 (Pakistan Standard Time)","1","0"
"158","251211002","757","13","2","1700","3400",,"Thu Dec 11 2025 05:00:00 GMT+0500 (Pakistan Standard Time)","1","0"
"159","251211003","740","1","10","1520","15200",,"Thu Dec 11 2025 05:00:00 GMT+0500 (Pakistan Standard Time)","1","0"
"160","251212001","679","1","2","5500","11000",,"Fri Dec 12 2025 05:00:00 GMT+0500 (Pakistan Standard Time)","1","0"
"161","251212002","561","10","1","5325","5325",,"Fri Dec 12 2025 05:00:00 GMT+0500 (Pakistan Standard Time)","1","0"
"162","251212003","689","2","2","1975","3950",,"Fri Dec 12 2025 05:00:00 GMT+0500 (Pakistan Standard Time)","1","0"
"163","251212004","765","3","2","195","390",,"Fri Dec 12 2025 05:00:00 GMT+0500 (Pakistan Standard Time)","1","0"
"164","251213001","636","3","1","6300","6300",,"Sat Dec 13 2025 05:00:00 GMT+0500 (Pakistan Standard Time)","1","0"
"165","251213001","366","1","1","1450","1450",,"Sat Dec 13 2025 05:00:00 GMT+0500 (Pakistan Standard Time)","1","0"
"166","251215001","480","4","1","1300","1300",,"Mon Dec 15 2025 05:00:00 GMT+0500 (Pakistan Standard Time)","1","0"
"167","251215001","389","15","1","2000","2000",,"Mon Dec 15 2025 05:00:00 GMT+0500 (Pakistan Standard Time)","1","0"
"168","251215002","794","3","20","15","300",,"Mon Dec 15 2025 05:00:00 GMT+0500 (Pakistan Standard Time)","1","0"
"169","251215003","436","3","1","6000","6000",,"Mon Dec 15 2025 05:00:00 GMT+0500 (Pakistan Standard Time)","1","0"
"170","251215004","807","13","10","30","300",,"Mon Dec 15 2025 05:00:00 GMT+0500 (Pakistan Standard Time)","1","0"
"171","251215004","807","11","10","15","150",,"Mon Dec 15 2025 05:00:00 GMT+0500 (Pakistan Standard Time)","1","0"
"172","251215005","731","3","100","1450","145000",,"Mon Dec 15 2025 05:00:00 GMT+0500 (Pakistan Standard Time)","1","0"
"173","251215006","814","4","10","1860","18600",,"Mon Dec 15 2025 05:00:00 GMT+0500 (Pakistan Standard Time)","1","0"
"175","251217001","86","123","1","1460","1460",,"Wed Dec 17 2025 05:00:00 GMT+0500 (Pakistan Standard Time)","1","0"
"176","251217001","835","3","1","7725","7725",,"Wed Dec 17 2025 05:00:00 GMT+0500 (Pakistan Standard Time)","1","0"
"177","251217001","628","13","1","9000","9000",,"Wed Dec 17 2025 05:00:00 GMT+0500 (Pakistan Standard Time)","1","0"
"178","251217002","828","21","1","2050","2050",,"Wed Dec 17 2025 05:00:00 GMT+0500 (Pakistan Standard Time)","1","0"
"179","251217002","600","12","1","2100","2100",,"Wed Dec 17 2025 05:00:00 GMT+0500 (Pakistan Standard Time)","1","0"
"180","251217003","518","2","1","1660","1660",,"Wed Dec 17 2025 05:00:00 GMT+0500 (Pakistan Standard Time)","1","0"
"181","251217003","837","1","3","2150","6450",,"Wed Dec 17 2025 05:00:00 GMT+0500 (Pakistan Standard Time)","1","0"
"182","251218001","836","1","1","1460","1460",,"Thu Dec 18 2025 05:00:00 GMT+0500 (Pakistan Standard Time)","1","0"
"183","251218001","835","3","1","7725","7725",,"Thu Dec 18 2025 05:00:00 GMT+0500 (Pakistan Standard Time)","1","0"
"184","251218001","836","3","1","9000","9000",,"Thu Dec 18 2025 05:00:00 GMT+0500 (Pakistan Standard Time)","1","0"
"185","251219001","824","4","3","1340","4020",,"Fri Dec 19 2025 05:00:00 GMT+0500 (Pakistan Standard Time)","1","0"
"186","251219002","588","4","2","1900","3800",,"Fri Dec 19 2025 05:00:00 GMT+0500 (Pakistan Standard Time)","1","0"
"187","251219002","536","9","1","1680","1680",,"Fri Dec 19 2025 05:00:00 GMT+0500 (Pakistan Standard Time)","1","0"
"188","251219002","87","12","1","1550","1550",,"Fri Dec 19 2025 05:00:00 GMT+0500 (Pakistan Standard Time)","1","0"
"189","251219003","873","10","4","280","1120",,"Fri Dec 19 2025 05:00:00 GMT+0500 (Pakistan Standard Time)","1","0"
"190","251223001","829","2","1","2400","2400",,"Tue Dec 23 2025 05:00:00 GMT+0500 (Pakistan Standard Time)","1","0"
"191","251224001","907","4","2","2000","4000",,"Wed Dec 24 2025 05:00:00 GMT+0500 (Pakistan Standard Time)","1","0"
"192","251225001","922","7","4","310","1240",,"Thu Dec 25 2025 05:00:00 GMT+0500 (Pakistan Standard Time)","1","0"
"195","260103002","957","3","2","1900","3800",,"Sat Jan 03 2026 05:00:00 GMT+0500 (Pakistan Standard Time)","1","0"
"196","260103003","81","6","1","2050","2050",,"Sat Jan 03 2026 05:00:00 GMT+0500 (Pakistan Standard Time)","1","0"
"197","260103003","844","1","1","1375","1375",,"Sat Jan 03 2026 05:00:00 GMT+0500 (Pakistan Standard Time)","1","0"
"198","260103003","828","25","1","2000","2000",,"Sat Jan 03 2026 05:00:00 GMT+0500 (Pakistan Standard Time)","1","0"
"199","260103003","561","10","1","5325","5325",,"Sat Jan 03 2026 05:00:00 GMT+0500 (Pakistan Standard Time)","1","0"
"200","260103003","835","5","2","5675","11350",,"Sat Jan 03 2026 05:00:00 GMT+0500 (Pakistan Standard Time)","1","0"
"201","260103003","367","11","1","1835","1835",,"Sat Jan 03 2026 05:00:00 GMT+0500 (Pakistan Standard Time)","1","0"
"203","260103005","985","4","10","1650","16500",,"Sat Jan 03 2026 05:00:00 GMT+0500 (Pakistan Standard Time)","1","0"
"204","260103005","985","3","12","1700","20400",,"Sat Jan 03 2026 05:00:00 GMT+0500 (Pakistan Standard Time)","1","0"
"205","260103006","892","2","1","1660","1660",,"Sat Jan 03 2026 05:00:00 GMT+0500 (Pakistan Standard Time)","1","0"
"206","260103006","829","2","1","2400","2400",,"Sat Jan 03 2026 05:00:00 GMT+0500 (Pakistan Standard Time)","1","0"
"207","260103007","972","2","3","2200","6600",,"Sat Jan 03 2026 05:00:00 GMT+0500 (Pakistan Standard Time)","1","0"
"209","260103008","996","6","3","1620","4860",,"Sat Jan 03 2026 05:00:00 GMT+0500 (Pakistan Standard Time)","1","0"
"210","260103009","997","22","3","2000","6000",,"Sat Jan 03 2026 05:00:00 GMT+0500 (Pakistan Standard Time)","1","0"
"211","260104001","1006","5","2","3500","7000",,"Sun Jan 04 2026 05:00:00 GMT+0500 (Pakistan Standard Time)","1","0"
"212","260104001","1006","8","3","1400","4200",,"Sun Jan 04 2026 05:00:00 GMT+0500 (Pakistan Standard Time)","1","0"
"213","260104001","1006","6","1","1500","1500",,"Sun Jan 04 2026 05:00:00 GMT+0500 (Pakistan Standard Time)","1","0"
"214","260104001","647","2","1","5500","5500",,"Sun Jan 04 2026 05:00:00 GMT+0500 (Pakistan Standard Time)","1","0"
"215","260104002","930","1","4","4800","19200",,"Sun Jan 04 2026 05:00:00 GMT+0500 (Pakistan Standard Time)","1","0"
"216","260104003","1013","1","3","1100","3300",,"Sun Jan 04 2026 05:00:00 GMT+0500 (Pakistan Standard Time)","1","0"
"217","260106001","928","1","3","4000","12000",,"Tue Jan 06 2026 05:00:00 GMT+0500 (Pakistan Standard Time)","1","0"
"218","260106002","1016","3","1","1275","1275",,"Tue Jan 06 2026 05:00:00 GMT+0500 (Pakistan Standard Time)","1","0"
"219","260106002","911","8","1","950","950",,"Tue Jan 06 2026 05:00:00 GMT+0500 (Pakistan Standard Time)","1","0"
"220","260106002","443","2","1","1750","1750",,"Tue Jan 06 2026 05:00:00 GMT+0500 (Pakistan Standard Time)","1","0"
"221","260106002","882","6","1","2250","2250",,"Tue Jan 06 2026 05:00:00 GMT+0500 (Pakistan Standard Time)","1","0"
"222","260106002","997","19","1","2075","2075",,"Tue Jan 06 2026 05:00:00 GMT+0500 (Pakistan Standard Time)","1","0"
"223","260106002","54","11","1","7100","7100",,"Tue Jan 06 2026 05:00:00 GMT+0500 (Pakistan Standard Time)","1","0"
"224","260106002","656","8","1","6725","6725",,"Tue Jan 06 2026 05:00:00 GMT+0500 (Pakistan Standard Time)","1","0"
"226","260110001","1053","22","10","1580","15800",,"Sat Jan 10 2026 05:00:00 GMT+0500 (Pakistan Standard Time)","1","0"
"227","260110002","1037","8","5","1600","8000",,"Sat Jan 10 2026 05:00:00 GMT+0500 (Pakistan Standard Time)","1","0"
"228","260110002","1024","13","1","1580","1580",,"Sat Jan 10 2026 05:00:00 GMT+0500 (Pakistan Standard Time)","1","0"
"229","260110002","916","8","2","2100","4200",,"Sat Jan 10 2026 05:00:00 GMT+0500 (Pakistan Standard Time)","1","0"
"230","260110003","1053","5","2","5200","10400",,"Sat Jan 10 2026 05:00:00 GMT+0500 (Pakistan Standard Time)","1","0"
"231","260110004","824","6","3","1600","4800",,"Sat Jan 10 2026 05:00:00 GMT+0500 (Pakistan Standard Time)","1","0"
"232","260112001","1048","4","1","8000","8000",,"Mon Jan 12 2026 05:00:00 GMT+0500 (Pakistan Standard Time)","1","0"
"233","260112002","558","3","1","5000","5000",,"Mon Jan 12 2026 05:00:00 GMT+0500 (Pakistan Standard Time)","1","0"
"234","260112003","1078","17","30","125","3750",,"Mon Jan 12 2026 05:00:00 GMT+0500 (Pakistan Standard Time)","1","0"
"235","260112003","1078","18","20","197","3940",,"Mon Jan 12 2026 05:00:00 GMT+0500 (Pakistan Standard Time)","1","0"
"236","260113001","751","3","3","1700","5100",,"Tue Jan 13 2026 05:00:00 GMT+0500 (Pakistan Standard Time)","1","0"
"237","260113001","950","3","2","5500","11000",,"Tue Jan 13 2026 05:00:00 GMT+0500 (Pakistan Standard Time)","1","0"
"238","260113001","928","2","1","5700","5700",,"Tue Jan 13 2026 05:00:00 GMT+0500 (Pakistan Standard Time)","1","0"
"239","260113001","927","7","1","12500","12500",,"Tue Jan 13 2026 05:00:00 GMT+0500 (Pakistan Standard Time)","1","0"
"240","260113002","1062","1","2","1900","3800",,"Tue Jan 13 2026 05:00:00 GMT+0500 (Pakistan Standard Time)","1","0"
"241","260113002","529","3","1","2150","2150",,"Tue Jan 13 2026 05:00:00 GMT+0500 (Pakistan Standard Time)","1","0"
"242","260113003","1073","8","5","1800","9000",,"Tue Jan 13 2026 05:00:00 GMT+0500 (Pakistan Standard Time)","1","0"
"243","260113004","81","36","2","1250","2500",,"Tue Jan 13 2026 05:00:00 GMT+0500 (Pakistan Standard Time)","1","0"
"244","260113005","1046","6","1","5500","5500",,"Tue Jan 13 2026 05:00:00 GMT+0500 (Pakistan Standard Time)","1","0"
"245","260113005","884","4","1","9000","9000",,"Tue Jan 13 2026 05:00:00 GMT+0500 (Pakistan Standard Time)","1","0"
"246","260116001","1103","4","2","1980","3960",,"Fri Jan 16 2026 05:00:00 GMT+0500 (Pakistan Standard Time)","1","0"
"247","260116002","448","1","1","1400","1400",,"Fri Jan 16 2026 05:00:00 GMT+0500 (Pakistan Standard Time)","1","0"
"248","260116002","427","1","1","1950","1950",,"Fri Jan 16 2026 05:00:00 GMT+0500 (Pakistan Standard Time)","1","0"
"249","260116003","1104","4","2","5300","10600",,"Fri Jan 16 2026 05:00:00 GMT+0500 (Pakistan Standard Time)","1","0"
"250","260116003","1104","13","3","1650","4950",,"Fri Jan 16 2026 05:00:00 GMT+0500 (Pakistan Standard Time)","1","0"
"251","260117001","1136","7","10","1450","14500",,"Sat Jan 17 2026 05:00:00 GMT+0500 (Pakistan Standard Time)","1","0"
"252","260117002","1108","8","15","210","3150",,"Sat Jan 17 2026 05:00:00 GMT+0500 (Pakistan Standard Time)","1","0"
"253","260117002","1078","20","5","210","1050",,"Sat Jan 17 2026 05:00:00 GMT+0500 (Pakistan Standard Time)","1","0"
"254","260117002","1042","2","1","1470","1470",,"Sat Jan 17 2026 05:00:00 GMT+0500 (Pakistan Standard Time)","1","0"
"255","260117002","1107","2","1","2075","2075",,"Sat Jan 17 2026 05:00:00 GMT+0500 (Pakistan Standard Time)","1","0"
"256","260117002","1137","12","1","1950","1950",,"Sat Jan 17 2026 05:00:00 GMT+0500 (Pakistan Standard Time)","1","0"
"257","260119001","1155","28","10","268","2680",,"Mon Jan 19 2026 05:00:00 GMT+0500 (Pakistan Standard Time)","1","0"
"259","260119002","1081","3","3","5500","16500",,"Mon Jan 19 2026 05:00:00 GMT+0500 (Pakistan Standard Time)","1","0"
"260","260120001","1163","20","15","60","900",,"Tue Jan 20 2026 05:00:00 GMT+0500 (Pakistan Standard Time)","1","0"
"261","260120002","389","47","1","1050","1050",,"Tue Jan 20 2026 05:00:00 GMT+0500 (Pakistan Standard Time)","1","0"
"262","260120002","1118","1","1","1495","1495",,"Tue Jan 20 2026 05:00:00 GMT+0500 (Pakistan Standard Time)","1","0"
"263","260120002","86","124","1","1800","1800",,"Tue Jan 20 2026 05:00:00 GMT+0500 (Pakistan Standard Time)","1","0"
"265","260120002","793","4","1","1600","1600",,"Tue Jan 20 2026 05:00:00 GMT+0500 (Pakistan Standard Time)","1","0"
"266","260120003","1030","2","2","870","1740",,"Tue Jan 20 2026 05:00:00 GMT+0500 (Pakistan Standard Time)","1","0"
"267","260120004","1149","1","2","5400","10800",,"Tue Jan 20 2026 05:00:00 GMT+0500 (Pakistan Standard Time)","1","0"
"269","260122001","304","4","1","1375","1375",,"Thu Jan 22 2026 05:00:00 GMT+0500 (Pakistan Standard Time)","1","0"
"270","260122001","1028","2","1","1375","1375",,"Thu Jan 22 2026 05:00:00 GMT+0500 (Pakistan Standard Time)","1","0"
"271","260122001","389","47","1","1050","1050",,"Thu Jan 22 2026 05:00:00 GMT+0500 (Pakistan Standard Time)","1","0"
"272","260122001","1089","15","10","35","350",,"Thu Jan 22 2026 05:00:00 GMT+0500 (Pakistan Standard Time)","1","0"
"273","260122002","1155","4","10","1450","14500",,"Thu Jan 22 2026 05:00:00 GMT+0500 (Pakistan Standard Time)","1","0"
"274","260122002","1136","16","1","1875","1875",,"Thu Jan 22 2026 05:00:00 GMT+0500 (Pakistan Standard Time)","1","0"
"275","260122002","1163","9","2","1950","3900",,"Thu Jan 22 2026 05:00:00 GMT+0500 (Pakistan Standard Time)","1","0"
"276","260122003","1191","4","3","2300","6900",,"Thu Jan 22 2026 05:00:00 GMT+0500 (Pakistan Standard Time)","1","0"
"277","260122004","1188","1","3","1950","5850",,"Thu Jan 22 2026 05:00:00 GMT+0500 (Pakistan Standard Time)","1","0"
"280","260124001","558","3","1","5000","5000",,"Sat Jan 24 2026 05:00:00 GMT+0500 (Pakistan Standard Time)","1","0"
"281","260124002","1216","2","3","2300","6900",,"Sat Jan 24 2026 05:00:00 GMT+0500 (Pakistan Standard Time)","1","0"
"282","260124003","1136","8","1","1450","1450",,"Sat Jan 24 2026 05:00:00 GMT+0500 (Pakistan Standard Time)","1","0"
"283","260124003","1214","2","10","200","2000",,"Sat Jan 24 2026 05:00:00 GMT+0500 (Pakistan Standard Time)","1","0"
"284","260127001","1224","4","2","2780","5560",,"Tue Jan 27 2026 05:00:00 GMT+0500 (Pakistan Standard Time)","1","0"
"285","260127001","1033","7","3","1150","3450",,"Tue Jan 27 2026 05:00:00 GMT+0500 (Pakistan Standard Time)","1","0"
"286","260127001","1033","8","3","1150","3450",,"Tue Jan 27 2026 05:00:00 GMT+0500 (Pakistan Standard Time)","1","0"
"287","260127001","1224","2","4","600","2400",,"Tue Jan 27 2026 05:00:00 GMT+0500 (Pakistan Standard Time)","1","0"
"289","260128001","1155","19","1","2000","2000",,"Wed Jan 28 2026 05:00:00 GMT+0500 (Pakistan Standard Time)","1","0"
"290","260128001","1248","1","3","1475","4425",,"Wed Jan 28 2026 05:00:00 GMT+0500 (Pakistan Standard Time)","1","0"
"291","260128002","1137","16","2","2200","4400",,"Wed Jan 28 2026 05:00:00 GMT+0500 (Pakistan Standard Time)","1","0"
"292","260128002","1248","29","1","7800","7800",,"Wed Jan 28 2026 05:00:00 GMT+0500 (Pakistan Standard Time)","1","0"
"293","260129001","1288","9","2","1950","3900",,"Thu Jan 29 2026 05:00:00 GMT+0500 (Pakistan Standard Time)","1","0"
"294","260129002","1189","1","1","8300","8300",,"Thu Jan 29 2026 05:00:00 GMT+0500 (Pakistan Standard Time)","1","0"
"295","260131001","827","6","1","1450","1450",,"Sat Jan 31 2026 05:00:00 GMT+0500 (Pakistan Standard Time)","1","0"
"297","260204001","1328","5","3","1600","4800",,"Wed Feb 04 2026 05:00:00 GMT+0500 (Pakistan Standard Time)","1","0"
"298","260204002","1348","9","4","1450","5800",,"Wed Feb 04 2026 05:00:00 GMT+0500 (Pakistan Standard Time)","1","0"
"299","260204003","1354","1","3","2200","6600",,"Wed Feb 04 2026 05:00:00 GMT+0500 (Pakistan Standard Time)","1","0"
"300","260204004","420","1","2","4300","8600",,"Wed Feb 04 2026 05:00:00 GMT+0500 (Pakistan Standard Time)","1","0"
"301","260204005","1047","1","1","7300","7300",,"Wed Feb 04 2026 05:00:00 GMT+0500 (Pakistan Standard Time)","1","0"
"302","260204006","1365","1","3","5600","16800",,"Wed Feb 04 2026 05:00:00 GMT+0500 (Pakistan Standard Time)","1","0"
"303","260204006","1365","2","3","4700","14100",,"Wed Feb 04 2026 05:00:00 GMT+0500 (Pakistan Standard Time)","1","0"
"304","260204007","1367","1","3","5500","16500",,"Wed Feb 04 2026 05:00:00 GMT+0500 (Pakistan Standard Time)","1","0"
"305","260204007","1367","2","1","11500","11500",,"Wed Feb 04 2026 05:00:00 GMT+0500 (Pakistan Standard Time)","1","0"
"306","260206001","1136","3","1","1375","1375",,"Fri Feb 06 2026 05:00:00 GMT+0500 (Pakistan Standard Time)","1","0"
"307","260206001","1118","1","1","1495","1495",,"Fri Feb 06 2026 05:00:00 GMT+0500 (Pakistan Standard Time)","1","0"
"308","260206001","1155","5","1","1585","1585",,"Fri Feb 06 2026 05:00:00 GMT+0500 (Pakistan Standard Time)","1","0"
"309","260206001","1138","7","1","1510","1510",,"Fri Feb 06 2026 05:00:00 GMT+0500 (Pakistan Standard Time)","1","0"
"310","260206001","1137","3","1","1800","1800",,"Fri Feb 06 2026 05:00:00 GMT+0500 (Pakistan Standard Time)","1","0"
"311","260206001","1289","18","1","2575","2575",,"Fri Feb 06 2026 05:00:00 GMT+0500 (Pakistan Standard Time)","1","0"
"312","260206001","1333","17","4","1975","7900",,"Fri Feb 06 2026 05:00:00 GMT+0500 (Pakistan Standard Time)","1","0"
"313","260206002","1328","10","10","1550","15500",,"Fri Feb 06 2026 05:00:00 GMT+0500 (Pakistan Standard Time)","1","0"
"314","260206003","1381","6","2","1850","3700",,"Fri Feb 06 2026 05:00:00 GMT+0500 (Pakistan Standard Time)","1","0"
"315","260206004","1335","14","10","1650","16500",,"Fri Feb 06 2026 05:00:00 GMT+0500 (Pakistan Standard Time)","1","0"
"316","260206005","929","3","1","2000","2000",,"Fri Feb 06 2026 05:00:00 GMT+0500 (Pakistan Standard Time)","1","0"
"317","260209001","1407","6","20","15","300",,"Mon Feb 09 2026 05:00:00 GMT+0500 (Pakistan Standard Time)","1","0"
"318","260209002","1394","4","3","2225","6675",,"Mon Feb 09 2026 05:00:00 GMT+0500 (Pakistan Standard Time)","1","0"
"319","260209002","669","18","1","5325","5325",,"Mon Feb 09 2026 05:00:00 GMT+0500 (Pakistan Standard Time)","1","0"
"320","260212001","963","4","3","2200","6600",,"Thu Feb 12 2026 05:00:00 GMT+0500 (Pakistan Standard Time)","1","0"
"321","260212001","1182","3","3","2750","8250",,"Thu Feb 12 2026 05:00:00 GMT+0500 (Pakistan Standard Time)","1","0"
"322","260212001","41","14","1","2100","2100",,"Thu Feb 12 2026 05:00:00 GMT+0500 (Pakistan Standard Time)","1","0"
"323","260212002","1269","8","3","3500","10500",,"Thu Feb 12 2026 05:00:00 GMT+0500 (Pakistan Standard Time)","1","0"
"324","260212003","1257","1","1","5300","5300",,"Thu Feb 12 2026 05:00:00 GMT+0500 (Pakistan Standard Time)","1","0"
"325","260212004","1432","3","1","5500","5500",,"Thu Feb 12 2026 05:00:00 GMT+0500 (Pakistan Standard Time)","1","0"
"326","260212004","1366","3","2","6300","12600",,"Thu Feb 12 2026 05:00:00 GMT+0500 (Pakistan Standard Time)","1","0"
"327","260212005","2","1","1","2500","2500",,"Thu Feb 12 2026 05:00:00 GMT+0500 (Pakistan Standard Time)","1","0"
"328","260212006","1137","13","1","2300","2300",,"Thu Feb 12 2026 05:00:00 GMT+0500 (Pakistan Standard Time)","1","0"
"331","260212007","1256","1","2","5300","10600",,"Thu Feb 12 2026 05:00:00 GMT+0500 (Pakistan Standard Time)","1","0"
"332","260212007","1210","1","1","6000","6000",,"Thu Feb 12 2026 05:00:00 GMT+0500 (Pakistan Standard Time)","1","0"
"333","260213001","1404","16","3","1900","5700",,"Fri Feb 13 2026 05:00:00 GMT+0500 (Pakistan Standard Time)","1","0"
"334","260213002","1443","11","2","1580","3160",,"Fri Feb 13 2026 05:00:00 GMT+0500 (Pakistan Standard Time)","1","0"
"335","260213003","1395","9","3","7950","23850",,"Fri Feb 13 2026 05:00:00 GMT+0500 (Pakistan Standard Time)","1","0"
"336","260213003","70","50","3","500","1500",,"Fri Feb 13 2026 05:00:00 GMT+0500 (Pakistan Standard Time)","1","0"
"337","260213003","623","24","1","500","500",,"Fri Feb 13 2026 05:00:00 GMT+0500 (Pakistan Standard Time)","1","0"
"338","260213004","1466","2","3","6000","18000",,"Fri Feb 13 2026 05:00:00 GMT+0500 (Pakistan Standard Time)","1","0"
"339","260217001","1479","10","3","125","375",,"Tue Feb 17 2026 05:00:00 GMT+0500 (Pakistan Standard Time)","1","0"
"340","260218001","1473","11","10","160","1600",,"Wed Feb 18 2026 05:00:00 GMT+0500 (Pakistan Standard Time)","1","0"
"341","260218002","1486","7","5","1570","7850",,"Wed Feb 18 2026 05:00:00 GMT+0500 (Pakistan Standard Time)","1","0"
"342","260218002","1241","6","2","1850","3700",,"Wed Feb 18 2026 05:00:00 GMT+0500 (Pakistan Standard Time)","1","0"
"343","260219001","1472","9","5","5400","27000",,"Thu Feb 19 2026 05:00:00 GMT+0500 (Pakistan Standard Time)","1","0"
"344","260219001","1150","5","1","2000","2000",,"Thu Feb 19 2026 05:00:00 GMT+0500 (Pakistan Standard Time)","1","0"
"345","260219001","1472","11","3","1330","3990",,"Thu Feb 19 2026 05:00:00 GMT+0500 (Pakistan Standard Time)","1","0"
"346","260219002","1489","19","10","1800","18000",,"Thu Feb 19 2026 05:00:00 GMT+0500 (Pakistan Standard Time)","1","0"
"347","260220001","1393","30","1","1225","1225",,"Fri Feb 20 2026 05:00:00 GMT+0500 (Pakistan Standard Time)","1","0"
"348","260222001","1465","2","5","1800","9000",,"Sun Feb 22 2026 05:00:00 GMT+0500 (Pakistan Standard Time)","1","0"
"349","260223001","1441","3","1","2325","2325",,"Mon Feb 23 2026 05:00:00 GMT+0500 (Pakistan Standard Time)","1","0"
"350","260224001","1529","11","5","2150","10750",,"Tue Feb 24 2026 05:00:00 GMT+0500 (Pakistan Standard Time)","1","0"
"351","260224002","1532","2","10","1500","15000",,"Tue Feb 24 2026 05:00:00 GMT+0500 (Pakistan Standard Time)","1","0"
"352","260225001","1520","2","2","1850","3700",,"Wed Feb 25 2026 05:00:00 GMT+0500 (Pakistan Standard Time)","1","0"
"353","260226001","1540","13","5","1850","9250",,"Thu Feb 26 2026 05:00:00 GMT+0500 (Pakistan Standard Time)","1","0"
"354","260226002","1529","1","1","1200","1200",,"Thu Feb 26 2026 05:00:00 GMT+0500 (Pakistan Standard Time)","1","0"
"355","260226002","1443","8","1","4550","4550",,"Thu Feb 26 2026 05:00:00 GMT+0500 (Pakistan Standard Time)","1","0"
"356","260226002","1547","4","1","1450","1450",,"Thu Feb 26 2026 05:00:00 GMT+0500 (Pakistan Standard Time)","1","0"
"357","260226003","1447","5","1","4500","4500",,"Thu Feb 26 2026 05:00:00 GMT+0500 (Pakistan Standard Time)","1","0"
"359","260226004","420","1","1","4300","4300",,"Thu Feb 26 2026 05:00:00 GMT+0500 (Pakistan Standard Time)","1","0"
"360","260226004","1369","4","1","4500","4500",,"Thu Feb 26 2026 05:00:00 GMT+0500 (Pakistan Standard Time)","1","0"
"361","260226004","1447","4","4","3900","15600",,"Thu Feb 26 2026 05:00:00 GMT+0500 (Pakistan Standard Time)","1","0"
"362","260226004","1432","6","1","3500","3500",,"Thu Feb 26 2026 05:00:00 GMT+0500 (Pakistan Standard Time)","1","0"
"363","260227001","1381","8","2","4900","9800",,"Fri Feb 27 2026 05:00:00 GMT+0500 (Pakistan Standard Time)","1","0"
"364","260227001","1547","5","2","1550","3100",,"Fri Feb 27 2026 05:00:00 GMT+0500 (Pakistan Standard Time)","1","0"
"366","260227001","1547","4","1","1450","1450",,"Fri Feb 27 2026 05:00:00 GMT+0500 (Pakistan Standard Time)","1","0"
"367","260227002","1547","1","6","1800","10800",,"Fri Feb 27 2026 05:00:00 GMT+0500 (Pakistan Standard Time)","1","0"
"368","260227003","1551","1","4","2450","9800",,"Fri Feb 27 2026 05:00:00 GMT+0500 (Pakistan Standard Time)","1","0"
"369","260227003","1552","1","10","1650","16500",,"Fri Feb 27 2026 05:00:00 GMT+0500 (Pakistan Standard Time)","1","0"
"370","260227003","1553","1","10","1770","17700",,"Fri Feb 27 2026 05:00:00 GMT+0500 (Pakistan Standard Time)","1","0"
"371","260227004","1544","1","10","1000","10000",,"Fri Feb 27 2026 05:00:00 GMT+0500 (Pakistan Standard Time)","1","0"
"372","260227004","1544","2","3","1150","3450",,"Fri Feb 27 2026 05:00:00 GMT+0500 (Pakistan Standard Time)","1","0"
"373","260227005","1568","10","10","30","300",,"Fri Feb 27 2026 05:00:00 GMT+0500 (Pakistan Standard Time)","1","0"
"374","260227006","1515","5","1","2025","2025",,"Fri Feb 27 2026 05:00:00 GMT+0500 (Pakistan Standard Time)","1","0"
"375","260227006","117","20","1","2000","2000",,"Fri Feb 27 2026 05:00:00 GMT+0500 (Pakistan Standard Time)","1","0"
"376","260227006","1394","4","1","2225","2225",,"Fri Feb 27 2026 05:00:00 GMT+0500 (Pakistan Standard Time)","1","0"
"377","260302001","1557","8","1","1225","1225",,"Mon Mar 02 2026 05:00:00 GMT+0500 (Pakistan Standard Time)","1","0"
"378","260302001","1289","5","1","925","925",,"Mon Mar 02 2026 05:00:00 GMT+0500 (Pakistan Standard Time)","1","0"
"379","260302001","49","91","1","1975","1975",,"Mon Mar 02 2026 05:00:00 GMT+0500 (Pakistan Standard Time)","1","0"
"380","260302001","1323","4","1","2275","2275",,"Mon Mar 02 2026 05:00:00 GMT+0500 (Pakistan Standard Time)","1","0"
"381","260305001","1607","9","2","1700","3400",,"Thu Mar 05 2026 05:00:00 GMT+0500 (Pakistan Standard Time)","1","0"
"382","260306001","1568","1","1","5000","5000",,"Fri Mar 06 2026 05:00:00 GMT+0500 (Pakistan Standard Time)","1","0"
"383","260306001","1089","3","1","1275","1275",,"Fri Mar 06 2026 05:00:00 GMT+0500 (Pakistan Standard Time)","1","0"
"384","260306001","1557","9","1","1425","1425",,"Fri Mar 06 2026 05:00:00 GMT+0500 (Pakistan Standard Time)","1","0"
"385","260307001","1168","2","2","1850","3700",,"Sat Mar 07 2026 05:00:00 GMT+0500 (Pakistan Standard Time)","1","0"
"386","260307001","456","6","2","1900","3800",,"Sat Mar 07 2026 05:00:00 GMT+0500 (Pakistan Standard Time)","1","0"
"387","260307002","1617","15","1","1225","1225",,"Sat Mar 07 2026 05:00:00 GMT+0500 (Pakistan Standard Time)","1","0"
"388","260307002","1289","5","1","925","925",,"Sat Mar 07 2026 05:00:00 GMT+0500 (Pakistan Standard Time)","1","0"
"389","260307002","49","91","1","1975","1975",,"Sat Mar 07 2026 05:00:00 GMT+0500 (Pakistan Standard Time)","1","0"
"390","260309001","1628","2","2","680","1360",,"Mon Mar 09 2026 05:00:00 GMT+0500 (Pakistan Standard Time)","1","0"
"391","260309002","1015","1","3","1550","4650",,"Mon Mar 09 2026 05:00:00 GMT+0500 (Pakistan Standard Time)","1","0"
"392","260309002","1632","7","2","2700","5400",,"Mon Mar 09 2026 05:00:00 GMT+0500 (Pakistan Standard Time)","1","0"
"393","260309002","1643","13","2","2350","4700",,"Mon Mar 09 2026 05:00:00 GMT+0500 (Pakistan Standard Time)","1","0"
"394","260311001","1622","3","10","1580","15800",,"Wed Mar 11 2026 05:00:00 GMT+0500 (Pakistan Standard Time)","1","0"
"395","260311001","1622","14","10","1500","15000",,"Wed Mar 11 2026 05:00:00 GMT+0500 (Pakistan Standard Time)","1","0"
"396","260311001","1150","2","1","1300","1300",,"Wed Mar 11 2026 05:00:00 GMT+0500 (Pakistan Standard Time)","1","0"
"397","260311001","1622","1","10","1550","15500",,"Wed Mar 11 2026 05:00:00 GMT+0500 (Pakistan Standard Time)","1","0"
"398","260311001","757","7","1","1300","1300",,"Wed Mar 11 2026 05:00:00 GMT+0500 (Pakistan Standard Time)","1","0"
"399","260311002","1557","1","4","5000","20000",,"Wed Mar 11 2026 05:00:00 GMT+0500 (Pakistan Standard Time)","1","0"
"400","260311002","1594","3","1","1375","1375",,"Wed Mar 11 2026 05:00:00 GMT+0500 (Pakistan Standard Time)","1","0"
"401","260311002","1636","6","1","1275","1275",,"Wed Mar 11 2026 05:00:00 GMT+0500 (Pakistan Standard Time)","1","0"
"402","260311002","878","24","1","2050","2050",,"Wed Mar 11 2026 05:00:00 GMT+0500 (Pakistan Standard Time)","1","0"
"403","260311002","1107","13","1","2125","2125",,"Wed Mar 11 2026 05:00:00 GMT+0500 (Pakistan Standard Time)","1","0"
"404","260312001","1590","2","2","2000","4000",,"Thu Mar 12 2026 05:00:00 GMT+0500 (Pakistan Standard Time)","1","0"
"405","260312001","1643","12","5","1850","9250",,"Thu Mar 12 2026 05:00:00 GMT+0500 (Pakistan Standard Time)","1","0"
"406","260312001","1652","8","3","2050","6150",,"Thu Mar 12 2026 05:00:00 GMT+0500 (Pakistan Standard Time)","1","0"
"407","260312002","1659","23","1","15000","15000",,"Thu Mar 12 2026 05:00:00 GMT+0500 (Pakistan Standard Time)","1","0"
"408","260312002","1594","3","1","1375","1375",,"Thu Mar 12 2026 05:00:00 GMT+0500 (Pakistan Standard Time)","1","0"
"409","260314001","1636","3","1","1250","1250",,"Sat Mar 14 2026 05:00:00 GMT+0500 (Pakistan Standard Time)","1","0"
"410","260314001","1679","1","1","1550","1550",,"Sat Mar 14 2026 05:00:00 GMT+0500 (Pakistan Standard Time)","1","0"
"411","260314001","1659","5","1","1795","1795",,"Sat Mar 14 2026 05:00:00 GMT+0500 (Pakistan Standard Time)","1","0"
"412","260314001","1660","4","1","2025","2025",,"Sat Mar 14 2026 05:00:00 GMT+0500 (Pakistan Standard Time)","1","0"
"413","260315001","929","2","1","6200","6200",,"Sun Mar 15 2026 05:00:00 GMT+0500 (Pakistan Standard Time)","1","0"
"414","260315001","422","3","1","4300","4300",,"Sun Mar 15 2026 05:00:00 GMT+0500 (Pakistan Standard Time)","1","0"
"415","260315002","1558","3","3","6500","19500",,"Sun Mar 15 2026 05:00:00 GMT+0500 (Pakistan Standard Time)","1","0"
"416","260315002","1581","1","1","10000","10000",,"Sun Mar 15 2026 05:00:00 GMT+0500 (Pakistan Standard Time)","1","0"
"417","260315003","1422","1","1","5500","5500",,"Sun Mar 15 2026 05:00:00 GMT+0500 (Pakistan Standard Time)","1","0"
"418","260315004","1690","21","10","35","350",,"Sun Mar 15 2026 05:00:00 GMT+0500 (Pakistan Standard Time)","1","0"
"419","260315005","1695","5","2","1800","3600",,"Sun Mar 15 2026 05:00:00 GMT+0500 (Pakistan Standard Time)","1","0"
"420","260317001","1707","11","10","60","600",,"Tue Mar 17 2026 05:00:00 GMT+0500 (Pakistan Standard Time)","1","0"
"421","260318001","1681","16","2","4775","9550",,"Wed Mar 18 2026 05:00:00 GMT+0500 (Pakistan Standard Time)","1","0"
"423","260324001","1673","4","3","5100","15300",,"Tue Mar 24 2026 05:00:00 GMT+0500 (Pakistan Standard Time)","1","0"
"424","260326001","1077","16","1","13000","13000",,"Thu Mar 26 2026 05:00:00 GMT+0500 (Pakistan Standard Time)","1","0"
"426","260327001","1672","1","1","1460","1460",,"Fri Mar 27 2026 05:00:00 GMT+0500 (Pakistan Standard Time)","1","0"
"427","260327001","1387","6","1","2600","2600",,"Fri Mar 27 2026 05:00:00 GMT+0500 (Pakistan Standard Time)","1","0"
"428","260327002","1009","1","1","7900","7900",,"Fri Mar 27 2026 05:00:00 GMT+0500 (Pakistan Standard Time)","1","0"
"429","260327003","1331","2","4","2200","8800",,"Fri Mar 27 2026 05:00:00 GMT+0500 (Pakistan Standard Time)","1","0"
"430","260327003","1339","1","2","2200","4400",,"Fri Mar 27 2026 05:00:00 GMT+0500 (Pakistan Standard Time)","1","0"
"431","260327004","972","4","2","3150","6300",,"Fri Mar 27 2026 05:00:00 GMT+0500 (Pakistan Standard Time)","1","0"
"432","260327005","1387","6","1","2600","2600",,"Fri Mar 27 2026 05:00:00 GMT+0500 (Pakistan Standard Time)","1","0"
"433","260328001","1679","1","1","1550","1550",,"Sat Mar 28 2026 05:00:00 GMT+0500 (Pakistan Standard Time)","1","0"
"434","260328001","1752","4","1","950","950",,"Sat Mar 28 2026 05:00:00 GMT+0500 (Pakistan Standard Time)","1","0"
"435","260328001","780","1","1","1125","1125",,"Sat Mar 28 2026 05:00:00 GMT+0500 (Pakistan Standard Time)","1","0"
"436","260328001","1681","8","1","1415","1415",,"Sat Mar 28 2026 05:00:00 GMT+0500 (Pakistan Standard Time)","1","0"
"437","260328001","1690","18","1","1405","1405",,"Sat Mar 28 2026 05:00:00 GMT+0500 (Pakistan Standard Time)","1","0"
"438","260328001","1744","13","1","2225","2225",,"Sat Mar 28 2026 05:00:00 GMT+0500 (Pakistan Standard Time)","1","0"
"439","260328002","1761","4","10","1630","16300",,"Sat Mar 28 2026 05:00:00 GMT+0500 (Pakistan Standard Time)","1","0"
"440","260328002","1044","10","1","2150","2150",,"Sat Mar 28 2026 05:00:00 GMT+0500 (Pakistan Standard Time)","1","0"
"441","260328003","1790","16","1","900","900",,"Sat Mar 28 2026 05:00:00 GMT+0500 (Pakistan Standard Time)","1","0"
"442","260331001","1686","1","5","6500","32500",,"Tue Mar 31 2026 05:00:00 GMT+0500 (Pakistan Standard Time)","1","0"
"443","260331001","1723","6","2","3000","6000",,"Tue Mar 31 2026 05:00:00 GMT+0500 (Pakistan Standard Time)","1","0"
"444","260331001","1723","7","1","3000","3000",,"Tue Mar 31 2026 05:00:00 GMT+0500 (Pakistan Standard Time)","1","0"
"445","260331002","1803","4","5","1500","7500",,"Tue Mar 31 2026 05:00:00 GMT+0500 (Pakistan Standard Time)","1","0"
"446","260402001","1786","3","10","1650","16500",,"Thu Apr 02 2026 05:00:00 GMT+0500 (Pakistan Standard Time)","1","0"
"447","260402002","1790","16","1","900","900",,"Thu Apr 02 2026 05:00:00 GMT+0500 (Pakistan Standard Time)","1","0"
"448","260402003","1815","7","10","1050","10500",,"Thu Apr 02 2026 05:00:00 GMT+0500 (Pakistan Standard Time)","1","0"
"449","260402004","1810","8","3","1800","5400",,"Thu Apr 02 2026 05:00:00 GMT+0500 (Pakistan Standard Time)","1","0"
"450","260402005","1824","5","2","1800","3600",,"Thu Apr 02 2026 05:00:00 GMT+0500 (Pakistan Standard Time)","1","0"
"451","260406001","1822","2","5","1650","8250",,"Mon Apr 06 2026 05:00:00 GMT+0500 (Pakistan Standard Time)","1","0"
"452","260406001","1822","3","3","1700","5100",,"Mon Apr 06 2026 05:00:00 GMT+0500 (Pakistan Standard Time)","1","0"
"453","260406002","1838","15","4","1050","4200",,"Mon Apr 06 2026 05:00:00 GMT+0500 (Pakistan Standard Time)","1","0"
"454","260409001","1867","10","20","210","4200",,"Thu Apr 09 2026 05:00:00 GMT+0500 (Pakistan Standard Time)","1","0"
"455","260409001","1867","13","10","15","150",,"Thu Apr 09 2026 05:00:00 GMT+0500 (Pakistan Standard Time)","1","0"
"456","260411001","1845","12","4","2250","9000",,"Sat Apr 11 2026 05:00:00 GMT+0500 (Pakistan Standard Time)","1","0"
"457","260411002","1589","12","1","2025","2025",,"Sat Apr 11 2026 05:00:00 GMT+0500 (Pakistan Standard Time)","1","0"
"458","260411002","1825","2","1","1950","1950",,"Sat Apr 11 2026 05:00:00 GMT+0500 (Pakistan Standard Time)","1","0"
"459","260411002","1838","5","1","1375","1375",,"Sat Apr 11 2026 05:00:00 GMT+0500 (Pakistan Standard Time)","1","0"
"460","260411002","1867","2","1","1050","1050",,"Sat Apr 11 2026 05:00:00 GMT+0500 (Pakistan Standard Time)","1","0"
"461","260411002","1744","15","1","15000","15000",,"Sat Apr 11 2026 05:00:00 GMT+0500 (Pakistan Standard Time)","1","0"
"462","260411002","1408","3","1","5850","5850",,"Sat Apr 11 2026 05:00:00 GMT+0500 (Pakistan Standard Time)","1","0"
"463","260412001","1901","14","30","30","900",,"Sun Apr 12 2026 05:00:00 GMT+0500 (Pakistan Standard Time)","1","0"
"464","260414001","147","1","1","5500","5500",,"Tue Apr 14 2026 05:00:00 GMT+0500 (Pakistan Standard Time)","1","0"
"465","260416001","1917","13","10","30","300",,"Thu Apr 16 2026 05:00:00 GMT+0500 (Pakistan Standard Time)","1","0"
"466","260419001","1825","10","1","1605","1605",,"Sun Apr 19 2026 05:00:00 GMT+0500 (Pakistan Standard Time)","1","0"
"467","260419001","1505","25","1","2130","2130",,"Sun Apr 19 2026 05:00:00 GMT+0500 (Pakistan Standard Time)","1","0"
"468","260420001","1856","2","3","2220","6660",,"Mon Apr 20 2026 05:00:00 GMT+0500 (Pakistan Standard Time)","1","0"
"469","260422001","1961","11","2","3400","6800",,"Wed Apr 22 2026 05:00:00 GMT+0500 (Pakistan Standard Time)","1","0"
"470","260422002","1089","4","1","1275","1275",,"Wed Apr 22 2026 05:00:00 GMT+0500 (Pakistan Standard Time)","1","0"
"471","260422002","1901","7","1","1425","1425",,"Wed Apr 22 2026 05:00:00 GMT+0500 (Pakistan Standard Time)","1","0"
"472","260422002","1946","12","1","1025","1025",,"Wed Apr 22 2026 05:00:00 GMT+0500 (Pakistan Standard Time)","1","0"
"473","260422002","1907","10","1","2475","2475",,"Wed Apr 22 2026 05:00:00 GMT+0500 (Pakistan Standard Time)","1","0"
"474","260422002","1891","9","1","1975","1975",,"Wed Apr 22 2026 05:00:00 GMT+0500 (Pakistan Standard Time)","1","0"
"475","260422003","1974","11","1","13500","13500",,"Wed Apr 22 2026 05:00:00 GMT+0500 (Pakistan Standard Time)","1","0"
"476","260422004","1975","6","1","185","185",,"Wed Apr 22 2026 05:00:00 GMT+0500 (Pakistan Standard Time)","1","0"
"477","260422004","1975","8","1","200","200",,"Wed Apr 22 2026 05:00:00 GMT+0500 (Pakistan Standard Time)","1","0"
"478","260422004","1975","8","1","200","200",,"Wed Apr 22 2026 05:00:00 GMT+0500 (Pakistan Standard Time)","1","0"
"479","260422004","765","5","1","180","180",,"Wed Apr 22 2026 05:00:00 GMT+0500 (Pakistan Standard Time)","1","0"